<?xml version="1.0" encoding="utf-8" ?>
<kml xmlns="http://www.opengis.net/kml/2.2">
<Document id="root_doc">
<Schema name="wh" id="wh">
        <SimpleField name="Name" type="string"></SimpleField>
        <SimpleField name="Description" type="string"></SimpleField>
</Schema>

<Folder><name>wh</name>

  <Placemark><name>64</name><Style><LineStyle><color>FF000000</color></LineStyle><PolyStyle><fill>1</fill><color>3c143C82</color></PolyStyle></Style>
        <Polygon><outerBoundaryIs><LinearRing><coordinates>-154.888671279195,17.8577971744804 -154.888671279195,17.9027895257807 -154.933586837944,17.9027895257807 -154.978502396694,17.9027895257807 -154.978502396694,17.947781877081 -155.023417955444,17.947781877081 -155.068333514193,17.947781877081 -155.068333514193,17.9927742283813 -155.113249072943,17.9927742283813 -155.203080190442,17.9927742283813 -155.203080190442,18.0377665796815 -155.247995749191,18.0377665796815 -155.292911307941,18.0377665796815 -155.292911307941,18.0827589309818 -155.33782686669,18.0827589309818 -155.427657984189,18.0827589309818 -155.427657984189,18.1277512822821 -155.472573542939,18.1277512822821 -155.517489101689,18.1277512822821 -155.517489101689,18.1727436335824 -155.562404660438,18.1727436335824 -155.652235777937,18.1727436335824 -155.652235777937,18.2177359848827 -155.697151336687,18.2177359848827 -155.742066895436,18.2177359848827 -155.742066895436,18.2627283361829 -155.786982454186,18.2627283361829 -155.876813571685,18.2627283361829 -155.876813571685,18.3077206874832 -155.921729130435,18.3077206874832 -155.966644689184,18.3077206874832 -155.966644689184,18.3527130387835 -156.011560247934,18.3527130387835 -156.011560247934,18.3977053900838 -156.056475806683,18.3977053900838 -156.056475806683,18.4876900926843 -156.101391365433,18.4876900926843 -156.146306924182,18.4876900926843 -156.146306924182,18.5326824439846 -156.191222482932,18.5326824439846 -156.191222482932,18.5776747952849 -156.236138041681,18.5776747952849 -156.236138041681,18.6226671465852 -156.281053600431,18.6226671465852 -156.281053600431,18.6676594978854 -156.32596915918,18.6676594978854 -156.32596915918,18.7126518491857 -156.37088471793,18.7126518491857 -156.37088471793,18.8026365517863 -156.41580027668,18.8026365517863 -156.460715835429,18.8026365517863 -156.460715835429,18.8926212543868 -156.505631394179,18.8926212543868 -156.550546952928,18.8926212543868 -156.550546952928,18.9376136056871 -156.595462511678,18.9376136056871 -156.595462511678,18.9826059569874 -156.640378070427,18.9826059569874 -156.640378070427,19.0275983082877 -156.685293629177,19.0275983082877 -156.685293629177,19.072590659588 -156.730209187926,19.072590659588 -156.730209187926,19.1175830108882 -156.775124746676,19.1175830108882 -156.775124746676,19.1625753621885 -156.820040305426,19.1625753621885 -156.820040305426,19.2075677134888 -156.864955864175,19.2075677134888 -156.864955864175,19.2525600647891 -156.909871422925,19.2525600647891 -156.909871422925,19.2975524160894 -156.954786981674,19.2975524160894 -156.954786981674,19.3425447673896 -156.999702540424,19.3425447673896 -156.999702540424,19.3875371186899 -157.044618099173,19.3875371186899 -157.044618099173,19.4325294699902 -157.089533657923,19.4325294699902 -157.089533657923,19.4775218212905 -157.134449216672,19.4775218212905 -157.134449216672,19.5225141725908 -157.179364775422,19.5225141725908 -157.179364775422,19.567506523891 -157.224280334172,19.567506523891 -157.224280334172,19.6124988751913 -157.269195892921,19.6124988751913 -157.269195892921,19.6574912264916 -157.314111451671,19.6574912264916 -157.314111451671,19.7024835777919 -157.35902701042,19.7024835777919 -157.35902701042,19.7474759290921 -157.40394256917,19.7474759290921 -157.40394256917,19.7924682803924 -157.448858127919,19.7924682803924 -157.448858127919,19.8374606316927 -157.493773686669,19.8374606316927 -157.493773686669,19.882452982993 -157.35902701042,19.882452982993 -157.35902701042,19.8374606316927 -157.224280334172,19.8374606316927 -157.179364775422,19.8374606316927 -157.179364775422,19.7924682803924 -157.044618099173,19.7924682803924 -156.999702540424,19.7924682803924 -156.999702540424,19.7474759290921 -156.864955864175,19.7474759290921 -156.820040305426,19.7474759290921 -156.820040305426,19.7024835777919 -156.685293629177,19.7024835777919 -156.640378070427,19.7024835777919 -156.640378070427,19.6574912264916 -156.505631394179,19.6574912264916 -156.460715835429,19.6574912264916 -156.460715835429,19.6124988751913 -156.32596915918,19.6124988751913 -156.281053600431,19.6124988751913 -156.281053600431,19.567506523891 -156.236138041681,19.567506523891 -156.191222482932,19.567506523891 -156.191222482932,19.5225141725908 -156.146306924182,19.5225141725908 -156.146306924182,19.4775218212905 -156.101391365433,19.4775218212905 -156.101391365433,19.4325294699902 -156.056475806683,19.4325294699902 -156.056475806683,19.3875371186899 -156.011560247934,19.3875371186899 -156.011560247934,19.3425447673896 -155.966644689184,19.3425447673896 -155.966644689184,19.2975524160894 -155.921729130435,19.2975524160894 -155.921729130435,19.2525600647891 -155.876813571685,19.2525600647891 -155.876813571685,19.2075677134888 -155.831898012935,19.2075677134888 -155.831898012935,19.1625753621885 -155.786982454186,19.1625753621885 -155.786982454186,19.1175830108882 -155.742066895436,19.1175830108882 -155.742066895436,19.072590659588 -155.697151336687,19.072590659588 -155.697151336687,19.0275983082877 -155.652235777937,19.0275983082877 -155.652235777937,18.9826059569874 -155.607320219188,18.9826059569874 -155.607320219188,18.9376136056871 -155.562404660438,18.9376136056871 -155.562404660438,18.8926212543868 -155.517489101689,18.8926212543868 -155.517489101689,18.8476289030866 -155.472573542939,18.8476289030866 -155.472573542939,18.8026365517863 -155.427657984189,18.8026365517863 -155.427657984189,18.757644200486 -155.38274242544,18.757644200486 -155.38274242544,18.7126518491857 -155.33782686669,18.7126518491857 -155.33782686669,18.6676594978854 -155.292911307941,18.6676594978854 -155.247995749191,18.6676594978854 -155.247995749191,18.6226671465852 -155.203080190442,18.6226671465852 -155.158164631692,18.6226671465852 -155.158164631692,18.5776747952849 -155.113249072943,18.5776747952849 -155.113249072943,18.5326824439846 -155.068333514193,18.5326824439846 -155.068333514193,18.4876900926843 -155.023417955444,18.4876900926843 -154.978502396694,18.4876900926843 -154.978502396694,18.4426977413841 -154.933586837944,18.4426977413841 -154.888671279195,18.4426977413841 -154.888671279195,18.3977053900838 -154.843755720445,18.3977053900838 -154.798840161696,18.3977053900838 -154.798840161696,18.3527130387835 -154.753924602946,18.3527130387835 -154.753924602946,18.3077206874832 -154.709009044197,18.3077206874832 -154.664093485447,18.3077206874832 -154.664093485447,18.2627283361829 -154.619177926698,18.2627283361829 -154.619177926698,17.9927742283813 -154.664093485447,17.9927742283813 -154.664093485447,17.947781877081 -154.709009044197,17.947781877081 -154.709009044197,17.9027895257807 -154.843755720445,17.9027895257807 -154.843755720445,17.8577971744804 -154.888671279195,17.8577971744804</coordinates></LinearRing></outerBoundaryIs></Polygon></Placemark>
  <Placemark><name>64</name><Style><LineStyle><color>FF000000</color></LineStyle><PolyStyle><fill>1</fill><color>3c143C82</color></PolyStyle></Style>
        <Polygon><outerBoundaryIs><LinearRing><coordinates>-167.824352199066,20.1074147394944 -167.824352199066,20.1524070907947 -167.869267757815,20.1524070907947 -168.318423345311,20.1524070907947 -168.318423345311,20.1973994420949 -168.36333890406,20.1973994420949 -168.632832256557,20.1973994420949 -168.632832256557,20.2423917933952 -168.677747815307,20.2423917933952 -168.812494491556,20.2423917933952 -168.812494491556,20.2873841446955 -168.857410050305,20.2873841446955 -168.992156726554,20.2873841446955 -168.992156726554,20.3323764959958 -169.037072285303,20.3323764959958 -169.171818961552,20.3323764959958 -169.171818961552,20.3773688472961 -169.216734520302,20.3773688472961 -169.35148119655,20.3773688472961 -169.35148119655,20.4223611985963 -169.3963967553,20.4223611985963 -169.486227872799,20.4223611985963 -169.486227872799,20.4673535498966 -169.531143431549,20.4673535498966 -169.576058990298,20.4673535498966 -169.576058990298,20.5123459011969 -169.620974549048,20.5123459011969 -169.665890107797,20.5123459011969 -169.665890107797,20.5573382524972 -169.710805666547,20.5573382524972 -169.755721225296,20.5573382524972 -169.755721225296,20.6023306037975 -169.800636784046,20.6023306037975 -169.845552342795,20.6023306037975 -169.845552342795,20.6473229550977 -169.890467901545,20.6473229550977 -169.935383460294,20.6473229550977 -169.935383460294,20.692315306398 -169.980299019044,20.692315306398 -170.025214577794,20.692315306398 -170.025214577794,20.7373076576983 -170.070130136543,20.7373076576983 -170.115045695293,20.7373076576983 -170.115045695293,20.7823000089986 -170.159961254042,20.7823000089986 -170.159961254042,20.8272923602988 -170.204876812792,20.8272923602988 -170.204876812792,20.8722847115991 -170.249792371541,20.8722847115991 -170.249792371541,20.9172770628994 -170.294707930291,20.9172770628994 -170.294707930291,20.9622694141997 -170.33962348904,20.9622694141997 -170.33962348904,21.0072617655 -170.38453904779,21.0072617655 -170.38453904779,21.0522541168002 -170.42945460654,21.0522541168002 -170.42945460654,21.0972464681005 -170.474370165289,21.0972464681005 -170.474370165289,21.1422388194008 -170.519285724039,21.1422388194008 -170.519285724039,21.1872311707011 -170.564201282788,21.1872311707011 -170.564201282788,21.2322235220014 -170.609116841538,21.2322235220014 -170.609116841538,21.2772158733016 -170.654032400287,21.2772158733016 -170.654032400287,21.3222082246019 -170.698947959037,21.3222082246019 -170.698947959037,21.3672005759022 -170.743863517786,21.3672005759022 -170.743863517786,21.4121929272025 -170.788779076536,21.4121929272025 -170.788779076536,21.4571852785028 -170.833694635285,21.4571852785028 -170.833694635285,21.502177629803 -170.878610194035,21.502177629803 -170.878610194035,21.5471699811033 -170.923525752785,21.5471699811033 -170.923525752785,21.5921623324036 -170.968441311534,21.5921623324036 -170.968441311534,21.6371546837039 -171.013356870284,21.6371546837039 -171.013356870284,21.6821470350042 -171.058272429033,21.6821470350042 -171.058272429033,21.7271393863044 -171.103187987783,21.7271393863044 -171.148103546532,21.7271393863044 -171.148103546532,21.7721317376047 -171.193019105282,21.7721317376047 -171.193019105282,21.817124088905 -171.237934664031,21.817124088905 -171.237934664031,21.8621164402053 -171.282850222781,21.8621164402053 -171.282850222781,21.9071087915056 -171.327765781531,21.9071087915056 -171.37268134028,21.9071087915056 -171.37268134028,21.9521011428058 -171.41759689903,21.9521011428058 -171.41759689903,21.9970934941061 -171.462512457779,21.9970934941061 -171.462512457779,22.0420858454064 -171.507428016529,22.0420858454064 -171.507428016529,22.0870781967067 -171.552343575278,22.0870781967067 -171.552343575278,22.1320705480069 -171.597259134028,22.1320705480069 -171.642174692777,22.1320705480069 -171.642174692777,22.2220552506075 -171.687090251527,22.2220552506075 -171.687090251527,22.2670476019078 -171.732005810277,22.2670476019078 -171.732005810277,22.3120399532081 -171.776921369026,22.3120399532081 -171.776921369026,22.3570323045083 -171.821836927776,22.3570323045083 -171.821836927776,22.4020246558086 -171.866752486525,22.4020246558086 -171.866752486525,22.4470170071089 -171.911668045275,22.4470170071089 -171.911668045275,22.4920093584092 -171.956583604024,22.4920093584092 -171.956583604024,22.5370017097095 -172.001499162774,22.5370017097095 -172.001499162774,22.62698641231 -172.046414721523,22.62698641231 -172.046414721523,22.6719787636103 -172.091330280273,22.6719787636103 -172.091330280273,22.7169711149106 -172.136245839022,22.7169711149106 -172.136245839022,22.7619634662109 -172.181161397772,22.7619634662109 -172.181161397772,22.8069558175111 -172.226076956522,22.8069558175111 -172.226076956522,22.8519481688114 -172.270992515271,22.8519481688114 -172.270992515271,22.8969405201117 -172.315908074021,22.8969405201117 -172.315908074021,22.9869252227123 -172.36082363277,22.9869252227123 -172.36082363277,23.1668946279134 -172.40573919152,23.1668946279134 -172.40573919152,23.3468640331145 -172.450654750269,23.3468640331145 -172.450654750269,23.4818410870153 -172.495570309019,23.4818410870153 -172.495570309019,23.6168181409162 -172.540485867768,23.6168181409162 -172.540485867768,23.751795194817 -172.585401426518,23.751795194817 -172.585401426518,23.8867722487178 -172.630316985268,23.8867722487178 -172.630316985268,24.0217493026187 -172.675232544017,24.0217493026187 -172.675232544017,24.1117340052192 -172.720148102767,24.1117340052192 -172.720148102767,24.2467110591201 -172.765063661516,24.2467110591201 -172.765063661516,24.3366957617206 -172.809979220266,24.3366957617206 -172.809979220266,24.4716728156215 -172.854894779015,24.4716728156215 -172.854894779015,25.0115810312248 -172.809979220266,25.0115810312248 -172.809979220266,25.4165121929273 -172.765063661516,25.4165121929273 -172.765063661516,25.6414739494287 -172.720148102767,25.6414739494287 -172.720148102767,25.7764510033296 -172.675232544017,25.7764510033296 -172.675232544017,25.8664357059301 -172.630316985268,25.8664357059301 -172.630316985268,25.9564204085307 -172.585401426518,25.9564204085307 -172.585401426518,26.0913974624315 -172.540485867768,26.0913974624315 -172.540485867768,26.1813821650321 -172.495570309019,26.1813821650321 -172.495570309019,26.2713668676326 -172.450654750269,26.2713668676326 -172.450654750269,26.4063439215335 -172.40573919152,26.4063439215335 -172.40573919152,26.4513362728337 -172.36082363277,26.4513362728337 -172.36082363277,26.5413209754343 -172.315908074021,26.5413209754343 -172.315908074021,26.5863133267346 -172.270992515271,26.5863133267346 -172.270992515271,26.6762980293352 -172.226076956522,26.6762980293352 -172.226076956522,26.7212903806354 -172.181161397772,26.7212903806354 -172.181161397772,26.811275083236 -172.136245839022,26.811275083236 -172.136245839022,26.8562674345363 -172.091330280273,26.8562674345363 -172.091330280273,26.9462521371368 -172.046414721523,26.9462521371368 -172.046414721523,26.9912444884371 -172.001499162774,26.9912444884371 -172.001499162774,27.0812291910377 -171.956583604024,27.0812291910377 -171.956583604024,27.1712138936382 -171.911668045275,27.1712138936382 -171.911668045275,27.2162062449385 -171.866752486525,27.2162062449385 -171.866752486525,27.3061909475391 -171.821836927776,27.3061909475391 -171.821836927776,27.3511832988393 -171.776921369026,27.3511832988393 -171.776921369026,27.4411680014399 -171.732005810277,27.4411680014399 -171.732005810277,27.4861603527402 -171.687090251527,27.4861603527402 -171.687090251527,27.5761450553407 -171.642174692777,27.5761450553407 -171.642174692777,27.6661297579413 -171.597259134028,27.6661297579413 -171.597259134028,27.7111221092416 -171.552343575278,27.7111221092416 -171.552343575278,27.8011068118421 -171.507428016529,27.8011068118421 -171.507428016529,27.8910915144427 -171.462512457779,27.8910915144427 -171.462512457779,27.936083865743 -171.41759689903,27.936083865743 -171.41759689903,28.0260685683435 -171.37268134028,28.0260685683435 -171.37268134028,28.1160532709441 -171.327765781531,28.1160532709441 -171.327765781531,28.2060379735446 -171.282850222781,28.2060379735446 -171.282850222781,28.2960226761452 -171.237934664031,28.2960226761452 -171.237934664031,28.5209844326466 -171.193019105282,28.5209844326466 -171.193019105282,28.7909385404483 -171.148103546532,28.7909385404483 -171.148103546532,29.0159002969497 -171.193019105282,29.0159002969497 -171.193019105282,29.0608926482499 -171.237934664031,29.0608926482499 -171.237934664031,29.1058849995502 -171.282850222781,29.1058849995502 -171.282850222781,29.1508773508505 -171.327765781531,29.1508773508505 -171.327765781531,29.1958697021508 -171.37268134028,29.1958697021508 -171.37268134028,29.2408620534511 -171.41759689903,29.2408620534511 -171.41759689903,29.2858544047513 -171.462512457779,29.2858544047513 -171.462512457779,29.3308467560516 -171.507428016529,29.3308467560516 -171.552343575278,29.3308467560516 -171.552343575278,29.3758391073519 -171.597259134028,29.3758391073519 -171.597259134028,29.4658238099525 -171.642174692777,29.4658238099525 -171.687090251527,29.4658238099525 -171.687090251527,29.5108161612527 -171.732005810277,29.5108161612527 -171.732005810277,29.555808512553 -171.776921369026,29.555808512553 -171.776921369026,29.6008008638533 -171.821836927776,29.6008008638533 -171.821836927776,29.6457932151536 -171.866752486525,29.6457932151536 -171.866752486525,29.6907855664539 -171.911668045275,29.6907855664539 -171.911668045275,29.7357779177541 -171.956583604024,29.7357779177541 -172.001499162774,29.7357779177541 -172.001499162774,29.7807702690544 -172.046414721523,29.7807702690544 -172.046414721523,29.8257626203547 -172.091330280273,29.8257626203547 -172.091330280273,29.870754971655 -172.136245839022,29.870754971655 -172.136245839022,29.9157473229553 -172.181161397772,29.9157473229553 -172.181161397772,29.9607396742555 -172.226076956522,29.9607396742555 -172.226076956522,30.0057320255558 -172.270992515271,30.0057320255558 -172.270992515271,30.0957167281564 -172.315908074021,30.0957167281564 -172.315908074021,30.1407090794566 -172.36082363277,30.1407090794566 -172.36082363277,30.1857014307569 -172.40573919152,30.1857014307569 -172.450654750269,30.1857014307569 -172.450654750269,30.2306937820572 -172.495570309019,30.2306937820572 -172.495570309019,30.2756861333575 -172.540485867768,30.2756861333575 -172.540485867768,30.3206784846578 -172.585401426518,30.3206784846578 -172.630316985268,30.3206784846578 -172.630316985268,30.365670835958 -172.675232544017,30.365670835958 -172.675232544017,30.4106631872583 -172.720148102767,30.4106631872583 -172.720148102767,30.4556555385586 -172.765063661516,30.4556555385586 -172.765063661516,30.5456402411592 -172.809979220266,30.5456402411592 -172.809979220266,30.6356249437597 -172.854894779015,30.6356249437597 -172.854894779015,30.68061729506 -172.899810337765,30.68061729506 -172.899810337765,30.7706019976606 -172.944725896514,30.7706019976606 -172.944725896514,30.8155943489608 -172.989641455264,30.8155943489608 -172.989641455264,30.9055790515614 -173.034557014014,30.9055790515614 -173.034557014014,30.995563754162 -173.079472572763,30.995563754162 -173.079472572763,31.1305408080628 -173.124388131513,31.1305408080628 -173.124388131513,31.2655178619636 -173.169303690262,31.2655178619636 -173.169303690262,31.4454872671647 -173.214219249012,31.4454872671647 -173.214219249012,31.6254566723659 -173.259134807761,31.6254566723659 -173.259134807761,31.8504184288673 -173.124388131513,31.8504184288673 -173.124388131513,31.8954107801675 -173.034557014014,31.8954107801675 -173.034557014014,31.9404031314678 -172.854894779015,31.9404031314678 -172.854894779015,31.9853954827681 -172.450654750269,31.9853954827681 -172.450654750269,31.9404031314678 -172.36082363277,31.9404031314678 -172.315908074021,31.9404031314678 -172.315908074021,31.8954107801675 -172.270992515271,31.8954107801675 -172.226076956522,31.8954107801675 -172.226076956522,31.8504184288673 -172.181161397772,31.8504184288673 -172.181161397772,31.805426077567 -172.136245839022,31.805426077567 -172.136245839022,31.7604337262667 -172.091330280273,31.7604337262667 -172.091330280273,31.7154413749664 -172.046414721523,31.7154413749664 -172.046414721523,31.6704490236661 -172.001499162774,31.6704490236661 -172.001499162774,31.6254566723659 -171.956583604024,31.6254566723659 -171.956583604024,31.5804643210656 -171.911668045275,31.5804643210656 -171.911668045275,31.5354719697653 -171.866752486525,31.5354719697653 -171.866752486525,31.4454872671647 -171.821836927776,31.4454872671647 -171.821836927776,31.4004949158645 -171.776921369026,31.4004949158645 -171.732005810277,31.4004949158645 -171.732005810277,31.3105102132639 -171.687090251527,31.3105102132639 -171.687090251527,31.2655178619636 -171.642174692777,31.2655178619636 -171.642174692777,31.2205255106634 -171.597259134028,31.2205255106634 -171.597259134028,31.1305408080628 -171.282850222781,31.1305408080628 -171.237934664031,31.1305408080628 -171.237934664031,31.0855484567625 -171.103187987783,31.0855484567625 -171.058272429033,31.0855484567625 -171.058272429033,31.0405561054622 -171.013356870284,31.0405561054622 -170.968441311534,31.0405561054622 -170.968441311534,30.995563754162 -170.923525752785,30.995563754162 -170.878610194035,30.995563754162 -170.878610194035,30.9505714028617 -170.833694635285,30.9505714028617 -170.833694635285,30.9055790515614 -170.788779076536,30.9055790515614 -170.788779076536,30.8605867002611 -170.743863517786,30.8605867002611 -170.743863517786,30.8155943489608 -170.698947959037,30.8155943489608 -170.698947959037,30.7706019976606 -170.654032400287,30.7706019976606 -170.654032400287,30.7256096463603 -170.609116841538,30.7256096463603 -170.609116841538,30.6356249437597 -170.564201282788,30.6356249437597 -170.564201282788,30.5906325924594 -170.519285724039,30.5906325924594 -170.519285724039,30.5006478898589 -170.474370165289,30.5006478898589 -170.474370165289,30.4106631872583 -170.42945460654,30.4106631872583 -170.42945460654,30.365670835958 -170.38453904779,30.365670835958 -170.38453904779,30.2756861333575 -170.33962348904,30.2756861333575 -170.33962348904,30.2306937820572 -170.294707930291,30.2306937820572 -170.294707930291,30.1407090794566 -170.249792371541,30.1407090794566 -170.249792371541,30.0957167281564 -170.204876812792,30.0957167281564 -170.204876812792,30.0057320255558 -170.159961254042,30.0057320255558 -170.159961254042,29.9607396742555 -170.115045695293,29.9607396742555 -170.115045695293,29.870754971655 -170.070130136543,29.870754971655 -170.070130136543,29.7807702690544 -170.025214577794,29.7807702690544 -170.025214577794,29.7357779177541 -169.980299019044,29.7357779177541 -169.980299019044,29.6457932151536 -169.935383460294,29.6457932151536 -169.935383460294,29.6008008638533 -169.890467901545,29.6008008638533 -169.890467901545,29.555808512553 -169.845552342795,29.555808512553 -169.845552342795,29.4658238099525 -169.800636784046,29.4658238099525 -169.800636784046,29.3758391073519 -169.755721225296,29.3758391073519 -169.755721225296,29.2408620534511 -169.710805666547,29.2408620534511 -169.710805666547,29.0159002969497 -169.755721225296,29.0159002969497 -169.755721225296,28.745946189148 -169.800636784046,28.745946189148 -169.800636784046,28.5209844326466 -169.845552342795,28.5209844326466 -169.845552342795,28.2960226761452 -169.890467901545,28.2960226761452 -169.890467901545,28.0710609196438 -169.935383460294,28.0710609196438 -169.935383460294,27.8460991631424 -169.980299019044,27.8460991631424 -169.980299019044,27.7561144605419 -170.025214577794,27.7561144605419 -170.025214577794,27.6661297579413 -170.070130136543,27.6661297579413 -170.070130136543,27.5761450553407 -170.115045695293,27.5761450553407 -170.115045695293,27.5311527040405 -170.159961254042,27.5311527040405 -170.159961254042,27.4411680014399 -170.204876812792,27.4411680014399 -170.204876812792,27.3511832988393 -170.249792371541,27.3511832988393 -170.249792371541,27.3061909475391 -170.294707930291,27.3061909475391 -170.294707930291,27.2162062449385 -170.33962348904,27.2162062449385 -170.33962348904,27.1262215423379 -170.38453904779,27.1262215423379 -170.38453904779,27.0812291910377 -170.42945460654,27.0812291910377 -170.42945460654,26.9912444884371 -170.474370165289,26.9912444884371 -170.474370165289,26.9012597858365 -170.519285724039,26.9012597858365 -170.519285724039,26.8562674345363 -170.564201282788,26.8562674345363 -170.564201282788,26.7662827319357 -170.609116841538,26.7662827319357 -170.609116841538,26.6762980293352 -170.654032400287,26.6762980293352 -170.654032400287,26.6313056780349 -170.698947959037,26.6313056780349 -170.698947959037,26.5863133267346 -170.743863517786,26.5863133267346 -170.743863517786,26.496328624134 -170.788779076536,26.496328624134 -170.788779076536,26.4513362728337 -170.833694635285,26.4513362728337 -170.833694635285,26.3613515702332 -170.878610194035,26.3613515702332 -170.878610194035,26.3163592189329 -170.923525752785,26.3163592189329 -170.923525752785,26.2263745163324 -170.968441311534,26.2263745163324 -170.968441311534,26.1813821650321 -171.013356870284,26.1813821650321 -171.013356870284,26.0913974624315 -171.058272429033,26.0913974624315 -171.058272429033,26.0464051111312 -171.103187987783,26.0464051111312 -171.103187987783,25.9564204085307 -171.148103546532,25.9564204085307 -171.148103546532,25.9114280572304 -171.193019105282,25.9114280572304 -171.193019105282,25.8214433546298 -171.237934664031,25.8214433546298 -171.237934664031,25.7314586520293 -171.282850222781,25.7314586520293 -171.282850222781,25.6414739494287 -171.327765781531,25.6414739494287 -171.327765781531,25.5064968955279 -171.37268134028,25.5064968955279 -171.37268134028,25.4165121929273 -171.41759689903,25.4165121929273 -171.41759689903,25.3265274903268 -171.462512457779,25.3265274903268 -171.462512457779,25.1465580851257 -171.507428016529,25.1465580851257 -171.507428016529,24.9215963286243 -171.552343575278,24.9215963286243 -171.552343575278,24.6066498695223 -171.507428016529,24.6066498695223 -171.507428016529,24.4716728156215 -171.462512457779,24.4716728156215 -171.462512457779,24.3816881130209 -171.41759689903,24.3816881130209 -171.41759689903,24.2467110591201 -171.37268134028,24.2467110591201 -171.37268134028,24.1117340052192 -171.327765781531,24.1117340052192 -171.327765781531,23.9767569513184 -171.282850222781,23.9767569513184 -171.282850222781,23.8417798974176 -171.237934664031,23.8417798974176 -171.237934664031,23.6618104922164 -171.193019105282,23.6618104922164 -171.193019105282,23.5268334383156 -171.148103546532,23.5268334383156 -171.148103546532,23.3468640331145 -171.103187987783,23.3468640331145 -171.103187987783,23.2568793305139 -171.058272429033,23.2568793305139 -171.058272429033,23.1219022766131 -171.013356870284,23.1219022766131 -171.013356870284,23.0319175740125 -170.968441311534,23.0319175740125 -170.968441311534,22.941932871412 -170.923525752785,22.941932871412 -170.923525752785,22.8519481688114 -170.878610194035,22.8519481688114 -170.878610194035,22.7619634662109 -170.833694635285,22.7619634662109 -170.833694635285,22.6719787636103 -170.788779076536,22.6719787636103 -170.788779076536,22.62698641231 -170.743863517786,22.62698641231 -170.743863517786,22.5370017097095 -170.698947959037,22.5370017097095 -170.698947959037,22.4920093584092 -170.654032400287,22.4920093584092 -170.654032400287,22.4470170071089 -170.609116841538,22.4470170071089 -170.609116841538,22.4020246558086 -170.564201282788,22.4020246558086 -170.564201282788,22.3570323045083 -170.519285724039,22.3570323045083 -170.519285724039,22.2670476019078 -170.474370165289,22.2670476019078 -170.474370165289,22.2220552506075 -170.42945460654,22.2220552506075 -170.42945460654,22.1770628993072 -170.38453904779,22.1770628993072 -170.38453904779,22.1320705480069 -170.33962348904,22.1320705480069 -170.33962348904,22.0870781967067 -170.294707930291,22.0870781967067 -170.294707930291,21.9970934941061 -170.249792371541,21.9970934941061 -170.204876812792,21.9970934941061 -170.204876812792,21.9521011428058 -170.159961254042,21.9521011428058 -170.159961254042,21.8621164402053 -170.115045695293,21.8621164402053 -170.115045695293,21.817124088905 -170.070130136543,21.817124088905 -170.070130136543,21.7721317376047 -170.025214577794,21.7721317376047 -169.980299019044,21.7721317376047 -169.980299019044,21.7271393863044 -169.935383460294,21.7271393863044 -169.935383460294,21.6821470350042 -169.890467901545,21.6821470350042 -169.890467901545,21.5921623324036 -169.845552342795,21.5921623324036 -169.800636784046,21.5921623324036 -169.800636784046,21.5471699811033 -169.755721225296,21.5471699811033 -169.755721225296,21.4571852785028 -169.710805666547,21.4571852785028 -169.710805666547,21.4121929272025 -169.665890107797,21.4121929272025 -169.620974549048,21.4121929272025 -169.620974549048,21.3672005759022 -169.576058990298,21.3672005759022 -169.576058990298,21.3222082246019 -169.531143431549,21.3222082246019 -169.486227872799,21.3222082246019 -169.486227872799,21.2772158733016 -169.441312314049,21.2772158733016 -169.3963967553,21.2772158733016 -169.3963967553,21.2322235220014 -169.35148119655,21.2322235220014 -169.306565637801,21.2322235220014 -169.306565637801,21.1872311707011 -169.261650079051,21.1872311707011 -169.216734520302,21.1872311707011 -169.216734520302,21.1422388194008 -169.171818961552,21.1422388194008 -169.126903402803,21.1422388194008 -169.126903402803,21.0972464681005 -168.992156726554,21.0972464681005 -168.947241167804,21.0972464681005 -168.947241167804,21.0522541168002 -168.857410050305,21.0522541168002 -168.812494491556,21.0522541168002 -168.812494491556,21.0072617655 -168.677747815307,21.0072617655 -168.632832256557,21.0072617655 -168.632832256557,20.9622694141997 -168.498085580309,20.9622694141997 -168.453170021559,20.9622694141997 -168.453170021559,20.9172770628994 -168.318423345311,20.9172770628994 -168.273507786561,20.9172770628994 -168.273507786561,20.8722847115991 -168.183676669062,20.8722847115991 -168.138761110312,20.8722847115991 -168.138761110312,20.8272923602988 -168.093845551563,20.8272923602988 -168.048929992813,20.8272923602988 -168.048929992813,20.7823000089986 -167.959098875314,20.7823000089986 -167.914183316565,20.7823000089986 -167.914183316565,20.7373076576983 -167.824352199066,20.7373076576983 -167.779436640316,20.7373076576983 -167.779436640316,20.692315306398 -167.689605522817,20.692315306398 -167.644689964067,20.692315306398 -167.644689964067,20.6473229550977 -167.37519661157,20.6473229550977 -167.330281052821,20.6473229550977 -167.330281052821,20.6023306037975 -166.836209906575,20.6023306037975 -166.791294347826,20.6023306037975 -166.791294347826,20.5573382524972 -166.611632112828,20.5573382524972 -166.611632112828,20.6023306037975 -166.207392084082,20.6023306037975 -166.207392084082,20.6473229550977 -165.803152055336,20.6473229550977 -165.803152055336,20.692315306398 -165.758236496586,20.692315306398 -165.758236496586,20.6473229550977 -165.668405379087,20.6473229550977 -165.623489820338,20.6473229550977 -165.623489820338,20.6023306037975 -165.578574261588,20.6023306037975 -165.578574261588,20.4673535498966 -165.623489820338,20.4673535498966 -165.623489820338,20.4223611985963 -165.758236496586,20.4223611985963 -165.758236496586,20.3773688472961 -166.117560966583,20.3773688472961 -166.117560966583,20.3323764959958 -166.521800995329,20.3323764959958 -166.521800995329,20.2873841446955 -166.926041024075,20.2873841446955 -166.926041024075,20.2423917933952 -167.105703259073,20.2423917933952 -167.105703259073,20.1973994420949 -167.330281052821,20.1973994420949 -167.330281052821,20.1524070907947 -167.509943287819,20.1524070907947 -167.509943287819,20.1074147394944 -167.824352199066,20.1074147394944</coordinates></LinearRing></outerBoundaryIs></Polygon></Placemark>
  <Placemark><name>50</name><Style><LineStyle><color>FF000000</color></LineStyle><PolyStyle><fill>1</fill><color>3c1400FF</color></PolyStyle></Style>
        <Polygon><outerBoundaryIs><LinearRing><coordinates>-147.612350761768,16.0581031224692 -147.612350761768,16.1030954737695 -147.657266320517,16.1030954737695 -147.792012996766,16.1030954737695 -147.792012996766,16.1480878250698 -147.836928555515,16.1480878250698 -147.926759673014,16.1480878250698 -147.926759673014,16.1930801763701 -147.971675231764,16.1930801763701 -148.106421908013,16.1930801763701 -148.106421908013,16.2380725276704 -148.151337466762,16.2380725276704 -148.241168584261,16.2380725276704 -148.241168584261,16.2830648789706 -148.286084143011,16.2830648789706 -148.420830819259,16.2830648789706 -148.420830819259,16.3280572302709 -148.465746378009,16.3280572302709 -148.600493054258,16.3280572302709 -148.600493054258,16.3730495815712 -148.645408613007,16.3730495815712 -148.735239730506,16.3730495815712 -148.735239730506,16.4180419328715 -148.780155289256,16.4180419328715 -148.869986406755,16.4180419328715 -148.869986406755,16.4630342841718 -148.914901965505,16.4630342841718 -148.959817524254,16.4630342841718 -148.959817524254,16.508026635472 -149.004733083004,16.508026635472 -149.094564200503,16.508026635472 -149.094564200503,16.5530189867723 -149.139479759252,16.5530189867723 -149.184395318002,16.5530189867723 -149.184395318002,16.5980113380726 -149.229310876751,16.5980113380726 -149.319141994251,16.5980113380726 -149.319141994251,16.6430036893729 -149.364057553,16.6430036893729 -149.453888670499,16.6430036893729 -149.453888670499,16.6879960406732 -149.498804229249,16.6879960406732 -149.543719787998,16.6879960406732 -149.543719787998,16.7329883919734 -149.588635346748,16.7329883919734 -149.678466464247,16.7329883919734 -149.678466464247,16.7779807432737 -149.723382022996,16.7779807432737 -149.768297581746,16.7779807432737 -149.768297581746,16.822973094574 -149.813213140496,16.822973094574 -149.903044257995,16.822973094574 -149.903044257995,16.8679654458743 -149.947959816744,16.8679654458743 -150.037790934243,16.8679654458743 -150.037790934243,16.9129577971746 -150.082706492993,16.9129577971746 -150.172537610492,16.9129577971746 -150.172537610492,16.9579501484748 -150.217453169242,16.9579501484748 -150.35219984549,16.9579501484748 -150.35219984549,17.0029424997751 -150.39711540424,17.0029424997751 -150.531862080488,17.0029424997751 -150.531862080488,17.0479348510754 -150.576777639238,17.0479348510754 -150.711524315487,17.0479348510754 -150.711524315487,17.0929272023757 -150.756439874236,17.0929272023757 -150.891186550485,17.0929272023757 -150.891186550485,17.1379195536759 -150.936102109234,17.1379195536759 -151.070848785483,17.1379195536759 -151.070848785483,17.1829119049762 -151.115764344233,17.1829119049762 -151.250511020481,17.1829119049762 -151.250511020481,17.2279042562765 -151.295426579231,17.2279042562765 -151.430173255479,17.2279042562765 -151.430173255479,17.2728966075768 -151.475088814229,17.2728966075768 -151.609835490478,17.2728966075768 -151.609835490478,17.3178889588771 -151.654751049227,17.3178889588771 -151.834413284225,17.3178889588771 -151.834413284225,17.3628813101774 -151.879328842975,17.3628813101774 -152.103906636723,17.3628813101774 -152.103906636723,17.4078736614776 -152.148822195472,17.4078736614776 -152.32848443047,17.4078736614776 -152.32848443047,17.4528660127779 -152.37339998922,17.4528660127779 -152.597977782968,17.4528660127779 -152.597977782968,17.4978583640782 -152.642893341717,17.4978583640782 -152.822555576716,17.4978583640782 -152.822555576716,17.5428507153785 -152.867471135465,17.5428507153785 -153.047133370463,17.5428507153785 -153.047133370463,17.5878430666787 -153.092048929213,17.5878430666787 -153.271711164211,17.5878430666787 -153.271711164211,17.632835417979 -153.316626722961,17.632835417979 -153.496288957959,17.632835417979 -153.496288957959,17.6778277692793 -153.541204516708,17.6778277692793 -153.720866751707,17.6778277692793 -153.720866751707,17.7228201205796 -154.125106780452,17.7228201205796 -154.125106780452,17.6778277692793 -154.3496845742,17.6778277692793 -154.3496845742,17.632835417979 -154.484431250449,17.632835417979 -154.484431250449,17.5878430666787 -154.664093485447,17.5878430666787 -154.664093485447,17.5428507153785 -154.753924602946,17.5428507153785 -154.753924602946,17.5878430666787 -154.798840161696,17.5878430666787 -154.888671279195,17.5878430666787 -154.888671279195,17.632835417979 -154.933586837944,17.632835417979 -154.978502396694,17.632835417979 -154.978502396694,17.6778277692793 -155.023417955444,17.6778277692793 -155.068333514193,17.6778277692793 -155.068333514193,17.7228201205796 -155.113249072943,17.7228201205796 -155.113249072943,17.7678124718799 -155.158164631692,17.7678124718799 -155.203080190442,17.7678124718799 -155.203080190442,17.8128048231801 -155.247995749191,17.8128048231801 -155.292911307941,17.8128048231801 -155.292911307941,17.8577971744804 -155.33782686669,17.8577971744804 -155.38274242544,17.8577971744804 -155.38274242544,17.9027895257807 -155.427657984189,17.9027895257807 -155.427657984189,17.947781877081 -155.472573542939,17.947781877081 -155.517489101689,17.947781877081 -155.517489101689,17.9927742283813 -155.562404660438,17.9927742283813 -155.607320219188,17.9927742283813 -155.607320219188,18.0377665796815 -155.652235777937,18.0377665796815 -155.652235777937,18.0827589309818 -155.697151336687,18.0827589309818 -155.742066895436,18.0827589309818 -155.742066895436,18.1277512822821 -155.786982454186,18.1277512822821 -155.831898012935,18.1277512822821 -155.831898012935,18.1727436335824 -155.876813571685,18.1727436335824 -155.876813571685,18.2177359848827 -155.921729130435,18.2177359848827 -155.966644689184,18.2177359848827 -155.966644689184,18.2627283361829 -156.011560247934,18.2627283361829 -156.056475806683,18.2627283361829 -156.056475806683,18.3077206874832 -156.101391365433,18.3077206874832 -156.101391365433,18.3527130387835 -156.146306924182,18.3527130387835 -156.191222482932,18.3527130387835 -156.191222482932,18.4426977413841 -156.236138041681,18.4426977413841 -156.281053600431,18.4426977413841 -156.281053600431,18.5326824439846 -156.32596915918,18.5326824439846 -156.37088471793,18.5326824439846 -156.37088471793,18.5776747952849 -156.41580027668,18.5776747952849 -156.41580027668,18.6676594978854 -156.460715835429,18.6676594978854 -156.505631394179,18.6676594978854 -156.505631394179,18.7126518491857 -156.550546952928,18.7126518491857 -156.550546952928,18.8026365517863 -156.595462511678,18.8026365517863 -156.640378070427,18.8026365517863 -156.640378070427,18.8926212543868 -156.685293629177,18.8926212543868 -156.730209187926,18.8926212543868 -156.730209187926,18.9826059569874 -156.775124746676,18.9826059569874 -156.775124746676,19.0275983082877 -156.820040305426,19.0275983082877 -156.864955864175,19.0275983082877 -156.864955864175,19.1175830108882 -156.909871422925,19.1175830108882 -156.954786981674,19.1175830108882 -156.954786981674,19.1625753621885 -156.999702540424,19.1625753621885 -156.999702540424,19.2075677134888 -157.044618099173,19.2075677134888 -157.044618099173,19.2525600647891 -157.089533657923,19.2525600647891 -157.134449216672,19.2525600647891 -157.134449216672,19.2975524160894 -157.179364775422,19.2975524160894 -157.179364775422,19.3425447673896 -157.224280334172,19.3425447673896 -157.269195892921,19.3425447673896 -157.269195892921,19.3875371186899 -157.314111451671,19.3875371186899 -157.314111451671,19.4325294699902 -157.35902701042,19.4325294699902 -157.35902701042,19.4775218212905 -157.40394256917,19.4775218212905 -157.448858127919,19.4775218212905 -157.448858127919,19.5225141725908 -157.493773686669,19.5225141725908 -157.493773686669,19.567506523891 -157.538689245418,19.567506523891 -157.538689245418,19.6124988751913 -157.583604804168,19.6124988751913 -157.628520362917,19.6124988751913 -157.628520362917,19.6574912264916 -157.673435921667,19.6574912264916 -157.673435921667,19.7024835777919 -157.718351480417,19.7024835777919 -157.763267039166,19.7024835777919 -157.763267039166,19.7474759290921 -157.808182597916,19.7474759290921 -157.808182597916,19.7924682803924 -157.853098156665,19.7924682803924 -157.853098156665,19.8374606316927 -157.898013715415,19.8374606316927 -157.942929274164,19.8374606316927 -157.942929274164,19.882452982993 -157.987844832914,19.882452982993 -157.987844832914,19.9274453342933 -158.032760391663,19.9274453342933 -158.032760391663,19.9724376855935 -158.077675950413,19.9724376855935 -158.122591509163,19.9724376855935 -158.122591509163,20.0174300368938 -158.167507067912,20.0174300368938 -158.167507067912,20.0624223881941 -158.212422626662,20.0624223881941 -158.212422626662,20.1074147394944 -158.257338185411,20.1074147394944 -158.302253744161,20.1074147394944 -158.302253744161,20.1524070907947 -158.34716930291,20.1524070907947 -158.34716930291,20.1973994420949 -158.39208486166,20.1973994420949 -158.39208486166,20.2423917933952 -158.437000420409,20.2423917933952 -158.481915979159,20.2423917933952 -158.481915979159,20.2873841446955 -158.526831537908,20.2873841446955 -158.526831537908,20.3323764959958 -158.571747096658,20.3323764959958 -158.571747096658,20.3773688472961 -158.616662655408,20.3773688472961 -158.661578214157,20.3773688472961 -158.661578214157,20.4223611985963 -158.706493772907,20.4223611985963 -158.706493772907,20.4673535498966 -158.751409331656,20.4673535498966 -158.751409331656,20.5123459011969 -158.796324890406,20.5123459011969 -158.841240449155,20.5123459011969 -158.841240449155,20.5573382524972 -158.886156007905,20.5573382524972 -158.886156007905,20.6023306037975 -158.931071566654,20.6023306037975 -158.931071566654,20.6473229550977 -158.975987125404,20.6473229550977 -159.020902684154,20.6473229550977 -159.020902684154,20.692315306398 -159.065818242903,20.692315306398 -159.065818242903,20.7373076576983 -160.772609475386,20.7373076576983 -160.772609475386,20.692315306398 -161.087018386633,20.692315306398 -161.087018386633,20.6473229550977 -161.40142729788,20.6473229550977 -161.40142729788,20.6023306037975 -161.670920650377,20.6023306037975 -161.670920650377,20.5573382524972 -162.075160679123,20.5573382524972 -162.075160679123,20.5123459011969 -162.434485149119,20.5123459011969 -162.434485149119,20.4673535498966 -162.883640736615,20.4673535498966 -162.883640736615,20.4223611985963 -163.33279632411,20.4223611985963 -163.33279632411,20.3773688472961 -163.781951911606,20.3773688472961 -163.781951911606,20.3323764959958 -164.276023057851,20.3323764959958 -164.276023057851,20.2873841446955 -164.770094204096,20.2873841446955 -164.770094204096,20.2423917933952 -165.309080909091,20.2423917933952 -165.309080909091,20.1973994420949 -165.443827585339,20.1973994420949 -165.443827585339,20.1524070907947 -165.578574261588,20.1524070907947 -165.578574261588,20.1074147394944 -165.803152055336,20.1074147394944 -165.803152055336,20.0624223881941 -166.252307642831,20.0624223881941 -166.252307642831,20.0174300368938 -166.611632112828,20.0174300368938 -166.611632112828,19.9724376855935 -168.183676669062,19.9724376855935 -168.183676669062,19.9274453342933 -168.498085580309,19.9274453342933 -168.498085580309,19.9724376855935 -168.543001139058,19.9724376855935 -168.677747815307,19.9724376855935 -168.677747815307,20.0174300368938 -168.722663374057,20.0174300368938 -168.857410050305,20.0174300368938 -168.857410050305,20.0624223881941 -168.902325609055,20.0624223881941 -169.037072285303,20.0624223881941 -169.037072285303,20.1074147394944 -169.081987844053,20.1074147394944 -169.216734520302,20.1074147394944 -169.216734520302,20.1524070907947 -169.261650079051,20.1524070907947 -169.3963967553,20.1524070907947 -169.3963967553,20.1973994420949 -169.441312314049,20.1973994420949 -169.486227872799,20.1973994420949 -169.486227872799,20.2423917933952 -169.531143431549,20.2423917933952 -169.576058990298,20.2423917933952 -169.576058990298,20.2873841446955 -169.620974549048,20.2873841446955 -169.665890107797,20.2873841446955 -169.665890107797,20.3323764959958 -169.710805666547,20.3323764959958 -169.755721225296,20.3323764959958 -169.755721225296,20.3773688472961 -169.800636784046,20.3773688472961 -169.845552342795,20.3773688472961 -169.845552342795,20.4223611985963 -169.890467901545,20.4223611985963 -169.935383460294,20.4223611985963 -169.935383460294,20.4673535498966 -169.980299019044,20.4673535498966 -170.025214577794,20.4673535498966 -170.025214577794,20.5123459011969 -170.070130136543,20.5123459011969 -170.115045695293,20.5123459011969 -170.115045695293,20.5573382524972 -170.159961254042,20.5573382524972 -170.159961254042,20.6023306037975 -170.204876812792,20.6023306037975 -170.204876812792,20.6473229550977 -170.249792371541,20.6473229550977 -170.249792371541,20.692315306398 -170.294707930291,20.692315306398 -170.33962348904,20.692315306398 -170.33962348904,20.7373076576983 -170.38453904779,20.7373076576983 -170.42945460654,20.7373076576983 -170.42945460654,20.7823000089986 -170.474370165289,20.7823000089986 -170.474370165289,20.8272923602988 -170.519285724039,20.8272923602988 -170.519285724039,20.8722847115991 -170.564201282788,20.8722847115991 -170.564201282788,20.9172770628994 -170.609116841538,20.9172770628994 -170.609116841538,21.0072617655 -170.654032400287,21.0072617655 -170.698947959037,21.0072617655 -170.698947959037,21.0972464681005 -170.743863517786,21.0972464681005 -170.788779076536,21.0972464681005 -170.788779076536,21.1422388194008 -170.833694635285,21.1422388194008 -170.833694635285,21.2322235220014 -170.878610194035,21.2322235220014 -170.923525752785,21.2322235220014 -170.923525752785,21.2772158733016 -170.968441311534,21.2772158733016 -170.968441311534,21.3222082246019 -171.013356870284,21.3222082246019 -171.013356870284,21.3672005759022 -171.058272429033,21.3672005759022 -171.058272429033,21.4121929272025 -171.103187987783,21.4121929272025 -171.193019105282,21.4121929272025 -171.193019105282,21.4571852785028 -171.237934664031,21.4571852785028 -171.327765781531,21.4571852785028 -171.327765781531,21.502177629803 -171.37268134028,21.502177629803 -171.41759689903,21.502177629803 -171.41759689903,21.5471699811033 -171.462512457779,21.5471699811033 -171.507428016529,21.5471699811033 -171.507428016529,21.5921623324036 -171.552343575278,21.5921623324036 -171.642174692777,21.5921623324036 -171.642174692777,21.6371546837039 -171.687090251527,21.6371546837039 -171.732005810277,21.6371546837039 -171.732005810277,21.6821470350042 -171.776921369026,21.6821470350042 -171.776921369026,21.7271393863044 -171.821836927776,21.7271393863044 -171.821836927776,21.7721317376047 -171.866752486525,21.7721317376047 -171.866752486525,21.817124088905 -171.911668045275,21.817124088905 -171.911668045275,21.8621164402053 -171.956583604024,21.8621164402053 -171.956583604024,21.9071087915056 -172.001499162774,21.9071087915056 -172.046414721523,21.9071087915056 -172.046414721523,21.9521011428058 -172.091330280273,21.9521011428058 -172.091330280273,21.9970934941061 -172.136245839022,21.9970934941061 -172.136245839022,22.0420858454064 -172.181161397772,22.0420858454064 -172.181161397772,22.0870781967067 -172.226076956522,22.0870781967067 -172.226076956522,22.1320705480069 -172.270992515271,22.1320705480069 -172.270992515271,22.1770628993072 -172.315908074021,22.1770628993072 -172.315908074021,22.2220552506075 -172.36082363277,22.2220552506075 -172.36082363277,22.2670476019078 -172.40573919152,22.2670476019078 -172.40573919152,22.3120399532081 -172.450654750269,22.3120399532081 -172.450654750269,22.3570323045083 -172.495570309019,22.3570323045083 -172.495570309019,22.4020246558086 -172.540485867768,22.4020246558086 -172.540485867768,22.4470170071089 -172.585401426518,22.4470170071089 -172.585401426518,22.4920093584092 -172.630316985268,22.4920093584092 -172.630316985268,22.5370017097095 -172.675232544017,22.5370017097095 -172.675232544017,22.5819940610097 -172.720148102767,22.5819940610097 -172.720148102767,22.62698641231 -172.765063661516,22.62698641231 -172.765063661516,22.6719787636103 -172.809979220266,22.6719787636103 -172.809979220266,22.7619634662109 -172.854894779015,22.7619634662109 -172.854894779015,22.8519481688114 -172.899810337765,22.8519481688114 -172.899810337765,22.9869252227123 -172.944725896514,22.9869252227123 -172.944725896514,23.1219022766131 -172.989641455264,23.1219022766131 -172.989641455264,23.2568793305139 -173.034557014014,23.2568793305139 -173.034557014014,23.436848735715 -173.079472572763,23.436848735715 -173.079472572763,23.5718257896159 -173.124388131513,23.5718257896159 -173.124388131513,23.7068028435167 -173.169303690262,23.7068028435167 -173.169303690262,23.8417798974176 -173.214219249012,23.8417798974176 -173.214219249012,23.9767569513184 -173.259134807761,23.9767569513184 -173.259134807761,24.066741653919 -173.304050366511,24.066741653919 -173.304050366511,24.1567263565195 -173.34896592526,24.1567263565195 -173.34896592526,24.2917034104203 -173.39388148401,24.2917034104203 -173.39388148401,24.4266804643212 -173.438797042759,24.4266804643212 -173.438797042759,24.6066498695223 -173.483712601509,24.6066498695223 -173.483712601509,24.8316116260237 -173.438797042759,24.8316116260237 -173.438797042759,25.2365427877262 -173.39388148401,25.2365427877262 -173.39388148401,25.5964815981284 -173.34896592526,25.5964815981284 -173.34896592526,25.8214433546298 -173.304050366511,25.8214433546298 -173.304050366511,25.9564204085307 -173.259134807761,25.9564204085307 -173.259134807761,26.0464051111312 -173.214219249012,26.0464051111312 -173.214219249012,26.1813821650321 -173.169303690262,26.1813821650321 -173.169303690262,26.2713668676326 -173.124388131513,26.2713668676326 -173.124388131513,26.3613515702332 -173.079472572763,26.3613515702332 -173.079472572763,26.496328624134 -173.034557014014,26.496328624134 -173.034557014014,26.5863133267346 -172.989641455264,26.5863133267346 -172.989641455264,26.6762980293352 -172.944725896514,26.6762980293352 -172.944725896514,26.7662827319357 -172.899810337765,26.7662827319357 -172.899810337765,26.8562674345363 -172.854894779015,26.8562674345363 -172.854894779015,26.9012597858365 -172.809979220266,26.9012597858365 -172.809979220266,26.9912444884371 -172.765063661516,26.9912444884371 -172.765063661516,27.0362368397374 -172.720148102767,27.0362368397374 -172.720148102767,27.1262215423379 -172.675232544017,27.1262215423379 -172.675232544017,27.1712138936382 -172.630316985268,27.1712138936382 -172.630316985268,27.2611985962388 -172.585401426518,27.2611985962388 -172.585401426518,27.3061909475391 -172.540485867768,27.3061909475391 -172.540485867768,27.3961756501396 -172.495570309019,27.3961756501396 -172.495570309019,27.4411680014399 -172.450654750269,27.4411680014399 -172.450654750269,27.5311527040405 -172.40573919152,27.5311527040405 -172.40573919152,27.5761450553407 -172.36082363277,27.5761450553407 -172.36082363277,27.6661297579413 -172.315908074021,27.6661297579413 -172.315908074021,27.7561144605419 -172.270992515271,27.7561144605419 -172.270992515271,27.8011068118421 -172.226076956522,27.8011068118421 -172.226076956522,27.8910915144427 -172.181161397772,27.8910915144427 -172.181161397772,27.9810762170432 -172.136245839022,27.9810762170432 -172.136245839022,28.0260685683435 -172.091330280273,28.0260685683435 -172.091330280273,28.1160532709441 -172.046414721523,28.1160532709441 -172.046414721523,28.2060379735446 -172.001499162774,28.2060379735446 -172.001499162774,28.2510303248449 -171.956583604024,28.2510303248449 -171.956583604024,28.3410150274455 -171.911668045275,28.3410150274455 -171.911668045275,28.430999730046 -171.866752486525,28.430999730046 -171.866752486525,28.5659767839469 -171.821836927776,28.5659767839469 -171.821836927776,28.8359308917486 -171.866752486525,28.8359308917486 -171.866752486525,28.8809232430488 -171.911668045275,28.8809232430488 -171.956583604024,28.8809232430488 -171.956583604024,28.9259155943491 -172.001499162774,28.9259155943491 -172.001499162774,28.9709079456494 -172.046414721523,28.9709079456494 -172.046414721523,29.0159002969497 -172.091330280273,29.0159002969497 -172.136245839022,29.0159002969497 -172.136245839022,29.0608926482499 -172.181161397772,29.0608926482499 -172.450654750269,29.0608926482499 -172.450654750269,29.1058849995502 -172.495570309019,29.1058849995502 -172.675232544017,29.1058849995502 -172.675232544017,29.1508773508505 -172.720148102767,29.1508773508505 -172.854894779015,29.1508773508505 -172.854894779015,29.1958697021508 -172.899810337765,29.1958697021508 -172.944725896514,29.1958697021508 -172.944725896514,29.2408620534511 -172.989641455264,29.2408620534511 -173.079472572763,29.2408620534511 -173.079472572763,29.2858544047513 -173.124388131513,29.2858544047513 -173.169303690262,29.2858544047513 -173.169303690262,29.3308467560516 -173.214219249012,29.3308467560516 -173.214219249012,29.3758391073519 -173.259134807761,29.3758391073519 -173.259134807761,29.4208314586522 -173.304050366511,29.4208314586522 -173.34896592526,29.4208314586522 -173.34896592526,29.4658238099525 -173.39388148401,29.4658238099525 -173.39388148401,29.5108161612527 -173.438797042759,29.5108161612527 -173.438797042759,29.555808512553 -173.483712601509,29.555808512553 -173.483712601509,29.6008008638533 -173.528628160259,29.6008008638533 -173.528628160259,29.6907855664539 -173.573543719008,29.6907855664539 -173.573543719008,29.7357779177541 -173.618459277758,29.7357779177541 -173.618459277758,29.8257626203547 -173.663374836507,29.8257626203547 -173.663374836507,29.9157473229553 -173.708290395257,29.9157473229553 -173.708290395257,30.0057320255558 -173.753205954006,30.0057320255558 -173.753205954006,30.1407090794566 -173.798121512756,30.1407090794566 -173.798121512756,30.2756861333575 -173.843037071505,30.2756861333575 -173.843037071505,30.3206784846578 -173.887952630255,30.3206784846578 -173.887952630255,30.4556555385586 -173.932868189005,30.4556555385586 -173.932868189005,30.5906325924594 -173.977783747754,30.5906325924594 -173.977783747754,30.7256096463603 -174.022699306504,30.7256096463603 -174.022699306504,31.3555025645642 -173.977783747754,31.3555025645642 -173.977783747754,31.4004949158645 -174.022699306504,31.4004949158645 -174.022699306504,31.490479618465 -174.067614865253,31.490479618465 -174.112530424003,31.490479618465 -174.112530424003,31.5354719697653 -174.157445982752,31.5354719697653 -174.157445982752,31.5804643210656 -174.202361541502,31.5804643210656 -174.292192659001,31.5804643210656 -174.292192659001,31.6254566723659 -174.33710821775,31.6254566723659 -174.3820237765,31.6254566723659 -174.3820237765,31.6704490236661 -174.42693933525,31.6704490236661 -174.42693933525,31.7154413749664 -174.471854893999,31.7154413749664 -174.561686011498,31.7154413749664 -174.561686011498,31.7604337262667 -174.606601570248,31.7604337262667 -174.651517128997,31.7604337262667 -174.651517128997,31.805426077567 -174.696432687747,31.805426077567 -174.696432687747,31.8504184288673 -174.741348246496,31.8504184288673 -174.786263805246,31.8504184288673 -174.786263805246,31.8954107801675 -174.831179363996,31.8954107801675 -174.876094922745,31.8954107801675 -174.876094922745,31.9404031314678 -174.921010481495,31.9404031314678 -174.921010481495,31.9853954827681 -174.965926040244,31.9853954827681 -174.965926040244,32.0303878340684 -175.010841598994,32.0303878340684 -175.010841598994,32.0753801853687 -175.055757157743,32.0753801853687 -175.055757157743,32.1653648879692 -175.100672716493,32.1653648879692 -175.100672716493,32.2103572392695 -175.145588275242,32.2103572392695 -175.145588275242,32.3903266444706 -175.190503833992,32.3903266444706 -175.190503833992,33.0652119139748 -175.235419392742,33.0652119139748 -175.235419392742,33.1102042652751 -175.280334951491,33.1102042652751 -175.325250510241,33.1102042652751 -175.325250510241,33.1551966165754 -175.37016606899,33.1551966165754 -175.41508162774,33.1551966165754 -175.41508162774,33.2001889678756 -175.459997186489,33.2001889678756 -175.459997186489,33.2451813191759 -175.504912745239,33.2451813191759 -175.504912745239,33.2901736704762 -175.549828303988,33.2901736704762 -175.594743862738,33.2901736704762 -175.594743862738,33.3351660217765 -175.639659421487,33.3351660217765 -175.684574980237,33.3351660217765 -175.684574980237,33.3801583730768 -175.729490538987,33.3801583730768 -175.729490538987,33.425150724377 -175.774406097736,33.425150724377 -175.774406097736,33.4701430756773 -175.819321656486,33.4701430756773 -175.819321656486,33.5601277782779 -175.864237215235,33.5601277782779 -175.864237215235,33.6501124808784 -175.909152773985,33.6501124808784 -175.909152773985,34.0100512912807 -175.864237215235,34.0100512912807 -175.864237215235,34.1000359938812 -175.819321656486,34.1000359938812 -175.819321656486,34.1900206964818 -175.774406097736,34.1900206964818 -175.774406097736,34.2350130477821 -175.729490538987,34.2350130477821 -175.729490538987,34.2800053990823 -175.639659421487,34.2800053990823 -175.639659421487,34.3249977503826 -175.594743862738,34.3249977503826 -175.594743862738,34.3699901016829 -175.639659421487,34.3699901016829 -175.639659421487,34.4149824529832 -175.684574980237,34.4149824529832 -175.684574980237,34.4599748042835 -175.729490538987,34.4599748042835 -175.729490538987,34.5049671555837 -175.774406097736,34.5049671555837 -175.774406097736,34.549959506884 -175.819321656486,34.549959506884 -175.864237215235,34.549959506884 -175.864237215235,34.5949518581843 -175.909152773985,34.5949518581843 -175.954068332734,34.5949518581843 -175.954068332734,34.6399442094846 -175.998983891484,34.6399442094846 -176.043899450233,34.6399442094846 -176.043899450233,34.6849365607848 -176.088815008983,34.6849365607848 -176.133730567733,34.6849365607848 -176.133730567733,34.7299289120851 -176.178646126482,34.7299289120851 -176.223561685232,34.7299289120851 -176.223561685232,34.7749212633854 -176.268477243981,34.7749212633854 -176.268477243981,34.8199136146857 -176.043899450233,34.8199136146857 -176.043899450233,34.864905965986 -175.37016606899,34.864905965986 -175.37016606899,34.8199136146857 -175.325250510241,34.8199136146857 -175.325250510241,34.7749212633854 -175.280334951491,34.7749212633854 -175.280334951491,34.7299289120851 -175.235419392742,34.7299289120851 -175.235419392742,34.6849365607848 -175.190503833992,34.6849365607848 -175.190503833992,34.6399442094846 -175.145588275242,34.6399442094846 -175.145588275242,34.5949518581843 -175.100672716493,34.5949518581843 -175.100672716493,34.549959506884 -175.055757157743,34.549959506884 -175.055757157743,34.5049671555837 -175.010841598994,34.5049671555837 -175.010841598994,34.4599748042835 -174.965926040244,34.4599748042835 -174.921010481495,34.4599748042835 -174.921010481495,34.4149824529832 -174.786263805246,34.4149824529832 -174.741348246496,34.4149824529832 -174.741348246496,34.3699901016829 -174.651517128997,34.3699901016829 -174.606601570248,34.3699901016829 -174.606601570248,34.3249977503826 -174.561686011498,34.3249977503826 -174.516770452749,34.3249977503826 -174.516770452749,34.2800053990823 -174.471854893999,34.2800053990823 -174.42693933525,34.2800053990823 -174.42693933525,34.2350130477821 -174.3820237765,34.2350130477821 -174.3820237765,34.1900206964818 -174.33710821775,34.1900206964818 -174.33710821775,34.1450283451815 -174.292192659001,34.1450283451815 -174.292192659001,34.1000359938812 -174.247277100251,34.1000359938812 -174.247277100251,34.0100512912807 -174.202361541502,34.0100512912807 -174.202361541502,33.9200665886801 -174.157445982752,33.9200665886801 -174.157445982752,33.8750742373798 -174.112530424003,33.8750742373798 -174.112530424003,33.8300818860795 -174.067614865253,33.8300818860795 -174.022699306504,33.8300818860795 -174.022699306504,33.7850895347793 -173.977783747754,33.7850895347793 -173.932868189005,33.7850895347793 -173.932868189005,33.740097183479 -173.843037071505,33.740097183479 -173.798121512756,33.740097183479 -173.798121512756,33.6951048321787 -173.753205954006,33.6951048321787 -173.708290395257,33.6951048321787 -173.708290395257,33.6501124808784 -173.663374836507,33.6501124808784 -173.663374836507,33.6051201295781 -173.618459277758,33.6051201295781 -173.618459277758,33.5601277782779 -173.573543719008,33.5601277782779 -173.573543719008,33.4701430756773 -173.528628160259,33.4701430756773 -173.528628160259,33.3801583730768 -173.483712601509,33.3801583730768 -173.483712601509,33.3351660217765 -173.438797042759,33.3351660217765 -173.438797042759,33.2451813191759 -173.39388148401,33.2451813191759 -173.39388148401,33.1102042652751 -173.34896592526,33.1102042652751 -173.34896592526,33.0202195626745 -173.304050366511,33.0202195626745 -173.304050366511,32.9752272113742 -173.259134807761,32.9752272113742 -173.259134807761,32.930234860074 -173.214219249012,32.930234860074 -173.214219249012,32.8852425087737 -173.169303690262,32.8852425087737 -173.124388131513,32.8852425087737 -173.124388131513,32.8402501574734 -173.079472572763,32.8402501574734 -173.079472572763,32.7952578061731 -172.989641455264,32.7952578061731 -172.944725896514,32.7952578061731 -172.944725896514,32.7502654548728 -172.854894779015,32.7502654548728 -172.809979220266,32.7502654548728 -172.809979220266,32.7052731035726 -172.720148102767,32.7052731035726 -172.675232544017,32.7052731035726 -172.675232544017,32.6602807522723 -172.540485867768,32.6602807522723 -172.495570309019,32.6602807522723 -172.495570309019,32.615288400972 -172.40573919152,32.615288400972 -172.36082363277,32.615288400972 -172.36082363277,32.5702960496717 -172.270992515271,32.5702960496717 -172.226076956522,32.5702960496717 -172.226076956522,32.5253036983714 -172.136245839022,32.5253036983714 -172.091330280273,32.5253036983714 -172.091330280273,32.4803113470712 -172.001499162774,32.4803113470712 -171.956583604024,32.4803113470712 -171.956583604024,32.4353189957709 -171.866752486525,32.4353189957709 -171.821836927776,32.4353189957709 -171.821836927776,32.3903266444706 -171.776921369026,32.3903266444706 -171.732005810277,32.3903266444706 -171.732005810277,32.3453342931703 -171.687090251527,32.3453342931703 -171.687090251527,32.3003419418701 -171.642174692777,32.3003419418701 -171.597259134028,32.3003419418701 -171.597259134028,32.2553495905698 -171.552343575278,32.2553495905698 -171.552343575278,32.2103572392695 -171.507428016529,32.2103572392695 -171.507428016529,32.1653648879692 -171.462512457779,32.1653648879692 -171.462512457779,32.1203725366689 -171.41759689903,32.1203725366689 -171.41759689903,32.0753801853687 -171.37268134028,32.0753801853687 -171.37268134028,31.9853954827681 -171.327765781531,31.9853954827681 -171.327765781531,31.9404031314678 -171.282850222781,31.9404031314678 -171.282850222781,31.8954107801675 -171.237934664031,31.8954107801675 -171.237934664031,31.8504184288673 -171.193019105282,31.8504184288673 -171.193019105282,31.805426077567 -171.013356870284,31.805426077567 -170.968441311534,31.805426077567 -170.968441311534,31.7604337262667 -170.833694635285,31.7604337262667 -170.788779076536,31.7604337262667 -170.788779076536,31.7154413749664 -170.654032400287,31.7154413749664 -170.609116841538,31.7154413749664 -170.609116841538,31.6704490236661 -170.519285724039,31.6704490236661 -170.474370165289,31.6704490236661 -170.474370165289,31.6254566723659 -170.38453904779,31.6254566723659 -170.33962348904,31.6254566723659 -170.33962348904,31.5804643210656 -170.294707930291,31.5804643210656 -170.294707930291,31.5354719697653 -170.249792371541,31.5354719697653 -170.204876812792,31.5354719697653 -170.204876812792,31.490479618465 -170.159961254042,31.490479618465 -170.159961254042,31.4454872671647 -170.115045695293,31.4454872671647 -170.070130136543,31.4454872671647 -170.070130136543,31.4004949158645 -170.025214577794,31.4004949158645 -170.025214577794,31.3555025645642 -169.980299019044,31.3555025645642 -169.980299019044,31.3105102132639 -169.935383460294,31.3105102132639 -169.935383460294,31.2655178619636 -169.890467901545,31.2655178619636 -169.890467901545,31.1755331593631 -169.845552342795,31.1755331593631 -169.845552342795,31.0855484567625 -169.800636784046,31.0855484567625 -169.800636784046,30.9505714028617 -169.755721225296,30.9505714028617 -169.755721225296,30.8155943489608 -169.710805666547,30.8155943489608 -169.710805666547,30.7256096463603 -169.665890107797,30.7256096463603 -169.665890107797,30.6356249437597 -169.620974549048,30.6356249437597 -169.620974549048,30.5006478898589 -169.576058990298,30.5006478898589 -169.576058990298,30.365670835958 -169.531143431549,30.365670835958 -169.531143431549,30.2306937820572 -169.486227872799,30.2306937820572 -169.486227872799,30.1407090794566 -169.441312314049,30.1407090794566 -169.441312314049,30.0057320255558 -169.3963967553,30.0057320255558 -169.3963967553,29.870754971655 -169.35148119655,29.870754971655 -169.35148119655,29.7807702690544 -169.306565637801,29.7807702690544 -169.306565637801,29.6457932151536 -169.261650079051,29.6457932151536 -169.261650079051,29.555808512553 -169.216734520302,29.555808512553 -169.216734520302,29.4208314586522 -169.171818961552,29.4208314586522 -169.171818961552,28.7909385404483 -169.216734520302,28.7909385404483 -169.216734520302,28.5659767839469 -169.261650079051,28.5659767839469 -169.261650079051,28.3410150274455 -169.306565637801,28.3410150274455 -169.306565637801,28.1160532709441 -169.35148119655,28.1160532709441 -169.35148119655,27.8910915144427 -169.3963967553,27.8910915144427 -169.3963967553,27.7111221092416 -169.441312314049,27.7111221092416 -169.441312314049,27.5761450553407 -169.486227872799,27.5761450553407 -169.486227872799,27.4861603527402 -169.531143431549,27.4861603527402 -169.531143431549,27.4411680014399 -169.576058990298,27.4411680014399 -169.576058990298,27.3511832988393 -169.620974549048,27.3511832988393 -169.620974549048,27.2611985962388 -169.665890107797,27.2611985962388 -169.665890107797,27.2162062449385 -169.710805666547,27.2162062449385 -169.710805666547,27.1262215423379 -169.755721225296,27.1262215423379 -169.755721225296,27.0362368397374 -169.800636784046,27.0362368397374 -169.800636784046,26.9912444884371 -169.845552342795,26.9912444884371 -169.845552342795,26.9012597858365 -169.890467901545,26.9012597858365 -169.890467901545,26.8562674345363 -169.935383460294,26.8562674345363 -169.935383460294,26.7662827319357 -169.980299019044,26.7662827319357 -169.980299019044,26.6762980293352 -170.025214577794,26.6762980293352 -170.025214577794,26.6313056780349 -170.070130136543,26.6313056780349 -170.070130136543,26.5413209754343 -170.115045695293,26.5413209754343 -170.115045695293,26.4513362728337 -170.159961254042,26.4513362728337 -170.159961254042,26.4063439215335 -170.204876812792,26.4063439215335 -170.204876812792,26.3613515702332 -170.249792371541,26.3613515702332 -170.249792371541,26.2713668676326 -170.294707930291,26.2713668676326 -170.294707930291,26.2263745163324 -170.33962348904,26.2263745163324 -170.33962348904,26.1813821650321 -170.38453904779,26.1813821650321 -170.38453904779,26.1363898137318 -170.42945460654,26.1363898137318 -170.42945460654,26.0913974624315 -170.474370165289,26.0913974624315 -170.474370165289,26.0464051111312 -170.519285724039,26.0464051111312 -170.519285724039,26.001412759831 -170.564201282788,26.001412759831 -170.564201282788,25.9564204085307 -170.609116841538,25.9564204085307 -170.609116841538,25.9114280572304 -170.654032400287,25.9114280572304 -170.654032400287,25.8664357059301 -170.698947959037,25.8664357059301 -170.698947959037,25.8214433546298 -170.743863517786,25.8214433546298 -170.743863517786,25.7314586520293 -170.788779076536,25.7314586520293 -170.788779076536,25.686466300729 -170.833694635285,25.686466300729 -170.833694635285,25.5964815981284 -170.878610194035,25.5964815981284 -170.878610194035,25.5064968955279 -170.923525752785,25.5064968955279 -170.923525752785,25.4165121929273 -170.968441311534,25.4165121929273 -170.968441311534,24.9215963286243 -170.923525752785,24.9215963286243 -170.923525752785,24.7866192747234 -170.878610194035,24.7866192747234 -170.878610194035,24.6966345721229 -170.833694635285,24.6966345721229 -170.833694635285,24.561657518222 -170.788779076536,24.561657518222 -170.788779076536,24.4266804643212 -170.743863517786,24.4266804643212 -170.743863517786,24.3366957617206 -170.698947959037,24.3366957617206 -170.698947959037,24.1567263565195 -170.654032400287,24.1567263565195 -170.654032400287,23.9767569513184 -170.609116841538,23.9767569513184 -170.609116841538,23.7967875461173 -170.564201282788,23.7967875461173 -170.564201282788,23.6618104922164 -170.519285724039,23.6618104922164 -170.519285724039,23.5718257896159 -170.474370165289,23.5718257896159 -170.474370165289,23.4818410870153 -170.42945460654,23.4818410870153 -170.42945460654,23.3918563844148 -170.38453904779,23.3918563844148 -170.38453904779,23.3018716818142 -170.33962348904,23.3018716818142 -170.33962348904,23.2118869792136 -170.294707930291,23.2118869792136 -170.294707930291,23.1219022766131 -170.249792371541,23.1219022766131 -170.249792371541,23.0319175740125 -170.204876812792,23.0319175740125 -170.204876812792,22.941932871412 -170.159961254042,22.941932871412 -170.159961254042,22.8069558175111 -170.115045695293,22.8069558175111 -170.115045695293,22.6719787636103 -170.070130136543,22.6719787636103 -170.070130136543,22.5370017097095 -170.025214577794,22.5370017097095 -170.025214577794,22.4470170071089 -169.980299019044,22.4470170071089 -169.980299019044,22.3120399532081 -169.935383460294,22.3120399532081 -169.935383460294,22.2670476019078 -169.890467901545,22.2670476019078 -169.890467901545,22.2220552506075 -169.845552342795,22.2220552506075 -169.845552342795,22.1770628993072 -169.800636784046,22.1770628993072 -169.800636784046,22.1320705480069 -169.755721225296,22.1320705480069 -169.755721225296,22.0870781967067 -169.710805666547,22.0870781967067 -169.710805666547,22.0420858454064 -169.665890107797,22.0420858454064 -169.665890107797,21.9970934941061 -169.620974549048,21.9970934941061 -169.620974549048,21.9521011428058 -169.576058990298,21.9521011428058 -169.576058990298,21.9071087915056 -169.531143431549,21.9071087915056 -169.531143431549,21.8621164402053 -169.486227872799,21.8621164402053 -169.486227872799,21.817124088905 -169.441312314049,21.817124088905 -169.441312314049,21.7721317376047 -169.3963967553,21.7721317376047 -169.3963967553,21.7271393863044 -169.35148119655,21.7271393863044 -169.35148119655,21.6821470350042 -169.306565637801,21.6821470350042 -169.261650079051,21.6821470350042 -169.261650079051,21.6371546837039 -169.216734520302,21.6371546837039 -169.171818961552,21.6371546837039 -169.171818961552,21.5921623324036 -169.126903402803,21.5921623324036 -169.081987844053,21.5921623324036 -169.081987844053,21.5471699811033 -169.037072285303,21.5471699811033 -168.992156726554,21.5471699811033 -168.992156726554,21.502177629803 -168.902325609055,21.502177629803 -168.857410050305,21.502177629803 -168.857410050305,21.4571852785028 -168.722663374057,21.4571852785028 -168.677747815307,21.4571852785028 -168.677747815307,21.4121929272025 -168.543001139058,21.4121929272025 -168.498085580309,21.4121929272025 -168.498085580309,21.3672005759022 -168.36333890406,21.3672005759022 -168.318423345311,21.3672005759022 -168.318423345311,21.3222082246019 -168.228592227812,21.3222082246019 -168.183676669062,21.3222082246019 -168.183676669062,21.2772158733016 -168.093845551563,21.2772158733016 -168.048929992813,21.2772158733016 -168.048929992813,21.2322235220014 -168.004014434064,21.2322235220014 -167.959098875314,21.2322235220014 -167.959098875314,21.1872311707011 -167.914183316565,21.1872311707011 -167.869267757815,21.1872311707011 -167.869267757815,21.1422388194008 -167.824352199066,21.1422388194008 -167.779436640316,21.1422388194008 -167.779436640316,21.0972464681005 -167.734521081566,21.0972464681005 -167.689605522817,21.0972464681005 -167.689605522817,21.0522541168002 -167.644689964067,21.0522541168002 -167.599774405318,21.0522541168002 -167.599774405318,21.0072617655 -167.554858846568,21.0072617655 -167.509943287819,21.0072617655 -167.509943287819,20.9622694141997 -166.701463230327,20.9622694141997 -166.701463230327,21.0072617655 -166.297223201581,21.0072617655 -166.297223201581,21.0522541168002 -165.892983172835,21.0522541168002 -165.892983172835,21.0972464681005 -165.668405379087,21.0972464681005 -165.668405379087,21.0522541168002 -165.35399646784,21.0522541168002 -165.309080909091,21.0522541168002 -165.309080909091,21.0072617655 -164.500600851599,21.0072617655 -164.500600851599,21.0522541168002 -164.006529705354,21.0522541168002 -164.006529705354,21.0972464681005 -163.557374117858,21.0972464681005 -163.557374117858,21.1422388194008 -163.108218530363,21.1422388194008 -163.108218530363,21.1872311707011 -162.703978501617,21.1872311707011 -162.703978501617,21.2322235220014 -162.299738472871,21.2322235220014 -162.299738472871,21.2772158733016 -162.030245120373,21.2772158733016 -162.030245120373,21.3222082246019 -161.895498444125,21.3222082246019 -161.895498444125,21.3672005759022 -161.760751767876,21.3672005759022 -161.760751767876,21.4121929272025 -161.626005091628,21.4121929272025 -161.626005091628,21.4571852785028 -161.446342856629,21.4571852785028 -161.446342856629,21.502177629803 -161.311596180381,21.502177629803 -161.311596180381,21.5471699811033 -161.176849504132,21.5471699811033 -161.176849504132,21.5921623324036 -161.042102827883,21.5921623324036 -161.042102827883,21.6371546837039 -158.526831537908,21.6371546837039 -158.526831537908,21.5921623324036 -158.437000420409,21.5921623324036 -158.39208486166,21.5921623324036 -158.39208486166,21.5471699811033 -158.34716930291,21.5471699811033 -158.302253744161,21.5471699811033 -158.302253744161,21.502177629803 -158.257338185411,21.502177629803 -158.257338185411,21.4571852785028 -158.212422626662,21.4571852785028 -158.167507067912,21.4571852785028 -158.167507067912,21.4121929272025 -158.122591509163,21.4121929272025 -158.077675950413,21.4121929272025 -158.077675950413,21.3672005759022 -158.032760391663,21.3672005759022 -158.032760391663,21.3222082246019 -157.987844832914,21.3222082246019 -157.942929274164,21.3222082246019 -157.942929274164,21.2772158733016 -157.898013715415,21.2772158733016 -157.853098156665,21.2772158733016 -157.853098156665,21.2322235220014 -157.808182597916,21.2322235220014 -157.808182597916,21.1872311707011 -157.763267039166,21.1872311707011 -157.718351480417,21.1872311707011 -157.718351480417,21.1422388194008 -157.673435921667,21.1422388194008 -157.628520362917,21.1422388194008 -157.628520362917,21.0972464681005 -157.583604804168,21.0972464681005 -157.583604804168,21.0522541168002 -157.538689245418,21.0522541168002 -157.493773686669,21.0522541168002 -157.493773686669,21.0072617655 -157.448858127919,21.0072617655 -157.448858127919,20.9622694141997 -157.40394256917,20.9622694141997 -157.35902701042,20.9622694141997 -157.35902701042,20.9172770628994 -157.314111451671,20.9172770628994 -157.269195892921,20.9172770628994 -157.269195892921,20.8722847115991 -157.224280334172,20.8722847115991 -157.179364775422,20.8722847115991 -157.179364775422,20.8272923602988 -157.134449216672,20.8272923602988 -157.134449216672,20.7823000089986 -157.089533657923,20.7823000089986 -157.044618099173,20.7823000089986 -157.044618099173,20.7373076576983 -156.999702540424,20.7373076576983 -156.999702540424,20.692315306398 -156.954786981674,20.692315306398 -156.909871422925,20.692315306398 -156.909871422925,20.6473229550977 -156.864955864175,20.6473229550977 -156.820040305426,20.6473229550977 -156.820040305426,20.6023306037975 -156.775124746676,20.6023306037975 -156.775124746676,20.5573382524972 -156.730209187926,20.5573382524972 -156.730209187926,20.5123459011969 -156.685293629177,20.5123459011969 -156.640378070427,20.5123459011969 -156.640378070427,20.4673535498966 -156.595462511678,20.4673535498966 -156.595462511678,20.4223611985963 -156.550546952928,20.4223611985963 -156.550546952928,20.3773688472961 -156.505631394179,20.3773688472961 -156.460715835429,20.3773688472961 -156.460715835429,20.3323764959958 -156.41580027668,20.3323764959958 -156.41580027668,20.2873841446955 -156.37088471793,20.2873841446955 -156.37088471793,20.2423917933952 -156.32596915918,20.2423917933952 -156.281053600431,20.2423917933952 -156.281053600431,20.1973994420949 -156.236138041681,20.1973994420949 -156.236138041681,20.1524070907947 -156.191222482932,20.1524070907947 -156.146306924182,20.1524070907947 -156.146306924182,20.1074147394944 -156.101391365433,20.1074147394944 -156.101391365433,20.0624223881941 -156.056475806683,20.0624223881941 -156.056475806683,20.0174300368938 -156.011560247934,20.0174300368938 -155.966644689184,20.0174300368938 -155.966644689184,19.9724376855935 -155.921729130435,19.9724376855935 -155.921729130435,19.9274453342933 -155.876813571685,19.9274453342933 -155.831898012935,19.9274453342933 -155.831898012935,19.882452982993 -155.786982454186,19.882452982993 -155.786982454186,19.8374606316927 -155.742066895436,19.8374606316927 -155.742066895436,19.7924682803924 -155.697151336687,19.7924682803924 -155.697151336687,19.7474759290921 -155.652235777937,19.7474759290921 -155.652235777937,19.7024835777919 -155.607320219188,19.7024835777919 -155.607320219188,19.6574912264916 -155.562404660438,19.6574912264916 -155.562404660438,19.6124988751913 -155.517489101689,19.6124988751913 -155.517489101689,19.567506523891 -155.472573542939,19.567506523891 -155.472573542939,19.5225141725908 -155.427657984189,19.5225141725908 -155.427657984189,19.4775218212905 -155.38274242544,19.4775218212905 -155.38274242544,19.4325294699902 -155.33782686669,19.4325294699902 -155.33782686669,19.3875371186899 -155.292911307941,19.3875371186899 -155.292911307941,19.3425447673896 -155.247995749191,19.3425447673896 -155.247995749191,19.2975524160894 -155.203080190442,19.2975524160894 -155.203080190442,19.2525600647891 -155.158164631692,19.2525600647891 -155.158164631692,19.2075677134888 -155.113249072943,19.2075677134888 -155.113249072943,19.1625753621885 -155.068333514193,19.1625753621885 -155.068333514193,19.1175830108882 -155.023417955444,19.1175830108882 -155.023417955444,19.072590659588 -154.978502396694,19.072590659588 -154.978502396694,19.0275983082877 -154.933586837944,19.0275983082877 -154.888671279195,19.0275983082877 -154.888671279195,18.9826059569874 -154.843755720445,18.9826059569874 -154.798840161696,18.9826059569874 -154.798840161696,18.9376136056871 -154.753924602946,18.9376136056871 -154.753924602946,18.8926212543868 -154.709009044197,18.8926212543868 -154.664093485447,18.8926212543868 -154.664093485447,18.8476289030866 -154.619177926698,18.8476289030866 -154.574262367948,18.8476289030866 -154.574262367948,18.8026365517863 -154.484431250449,18.8026365517863 -154.439515691699,18.8026365517863 -154.439515691699,18.757644200486 -154.214937897952,18.757644200486 -154.170022339202,18.757644200486 -154.170022339202,18.7126518491857 -153.900528986705,18.7126518491857 -153.855613427955,18.7126518491857 -153.855613427955,18.6676594978854 -152.37339998922,18.6676594978854 -152.37339998922,18.7126518491857 -152.103906636723,18.7126518491857 -152.103906636723,18.6676594978854 -151.879328842975,18.6676594978854 -151.834413284225,18.6676594978854 -151.834413284225,18.6226671465852 -151.654751049227,18.6226671465852 -151.609835490478,18.6226671465852 -151.609835490478,18.5776747952849 -151.38525769673,18.5776747952849 -151.34034213798,18.5776747952849 -151.34034213798,18.5326824439846 -151.160679902982,18.5326824439846 -151.115764344233,18.5326824439846 -151.115764344233,18.4876900926843 -150.936102109234,18.4876900926843 -150.891186550485,18.4876900926843 -150.891186550485,18.4426977413841 -150.711524315487,18.4426977413841 -150.666608756737,18.4426977413841 -150.666608756737,18.3977053900838 -150.576777639238,18.3977053900838 -150.531862080488,18.3977053900838 -150.531862080488,18.3527130387835 -150.39711540424,18.3527130387835 -150.35219984549,18.3527130387835 -150.35219984549,18.3077206874832 -150.217453169242,18.3077206874832 -150.172537610492,18.3077206874832 -150.172537610492,18.2627283361829 -149.992875375494,18.2627283361829 -149.947959816744,18.2627283361829 -149.947959816744,18.2177359848827 -149.858128699245,18.2177359848827 -149.813213140496,18.2177359848827 -149.813213140496,18.1727436335824 -149.678466464247,18.1727436335824 -149.633550905497,18.1727436335824 -149.633550905497,18.1277512822821 -149.498804229249,18.1277512822821 -149.453888670499,18.1277512822821 -149.453888670499,18.0827589309818 -149.319141994251,18.0827589309818 -149.274226435501,18.0827589309818 -149.274226435501,18.0377665796815 -149.139479759252,18.0377665796815 -149.094564200503,18.0377665796815 -149.094564200503,17.9927742283813 -149.004733083004,17.9927742283813 -148.959817524254,17.9927742283813 -148.959817524254,17.947781877081 -148.825070848005,17.947781877081 -148.780155289256,17.947781877081 -148.780155289256,17.9027895257807 -148.645408613007,17.9027895257807 -148.600493054258,17.9027895257807 -148.600493054258,17.8577971744804 -148.510661936759,17.8577971744804 -148.465746378009,17.8577971744804 -148.465746378009,17.8128048231801 -148.33099970176,17.8128048231801 -148.286084143011,17.8128048231801 -148.286084143011,17.7678124718799 -148.196253025512,17.7678124718799 -148.151337466762,17.7678124718799 -148.151337466762,17.7228201205796 -148.016590790514,17.7228201205796 -147.971675231764,17.7228201205796 -147.971675231764,17.6778277692793 -147.702181879267,17.6778277692793 -147.657266320517,17.6778277692793 -147.657266320517,17.632835417979 -147.38777296802,17.632835417979 -147.34285740927,17.632835417979 -147.34285740927,17.5878430666787 -147.118279615523,17.5878430666787 -147.073364056773,17.5878430666787 -147.073364056773,17.5428507153785 -146.803870704276,17.5428507153785 -146.758955145526,17.5428507153785 -146.758955145526,17.4978583640782 -146.669124028027,17.4978583640782 -146.624208469277,17.4978583640782 -146.624208469277,17.4078736614776 -146.579292910528,17.4078736614776 -146.579292910528,17.3628813101774 -146.534377351778,17.3628813101774 -146.534377351778,17.2728966075768 -146.489461793029,17.2728966075768 -146.489461793029,16.9579501484748 -146.534377351778,16.9579501484748 -146.534377351778,16.7779807432737 -146.579292910528,16.7779807432737 -146.579292910528,16.6430036893729 -146.624208469277,16.6430036893729 -146.624208469277,16.5530189867723 -146.669124028027,16.5530189867723 -146.669124028027,16.508026635472 -146.714039586777,16.508026635472 -146.714039586777,16.4180419328715 -146.758955145526,16.4180419328715 -146.758955145526,16.3730495815712 -146.803870704276,16.3730495815712 -146.803870704276,16.3280572302709 -146.848786263025,16.3280572302709 -146.848786263025,16.2830648789706 -146.893701821775,16.2830648789706 -146.893701821775,16.2380725276704 -146.938617380524,16.2380725276704 -146.938617380524,16.1930801763701 -147.028448498023,16.1930801763701 -147.028448498023,16.1480878250698 -147.118279615523,16.1480878250698 -147.118279615523,16.1030954737695 -147.253026291771,16.1030954737695 -147.253026291771,16.0581031224692 -147.612350761768,16.0581031224692</coordinates></LinearRing></outerBoundaryIs><innerBoundaryIs><LinearRing><coordinates>-171.237934664031,31.0855484567625 -171.237934664031,31.1305408080628 -171.282850222781,31.1305408080628 -171.597259134028,31.1305408080628 -171.597259134028,31.2205255106634 -171.642174692777,31.2205255106634 -171.642174692777,31.2655178619636 -171.687090251527,31.2655178619636 -171.687090251527,31.3105102132639 -171.732005810277,31.3105102132639 -171.732005810277,31.4004949158645 -171.776921369026,31.4004949158645 -171.821836927776,31.4004949158645 -171.821836927776,31.4454872671647 -171.866752486525,31.4454872671647 -171.866752486525,31.5354719697653 -171.911668045275,31.5354719697653 -171.911668045275,31.5804643210656 -171.956583604024,31.5804643210656 -171.956583604024,31.6254566723659 -172.001499162774,31.6254566723659 -172.001499162774,31.6704490236661 -172.046414721523,31.6704490236661 -172.046414721523,31.7154413749664 -172.091330280273,31.7154413749664 -172.091330280273,31.7604337262667 -172.136245839022,31.7604337262667 -172.136245839022,31.805426077567 -172.181161397772,31.805426077567 -172.181161397772,31.8504184288673 -172.226076956522,31.8504184288673 -172.226076956522,31.8954107801675 -172.270992515271,31.8954107801675 -172.315908074021,31.8954107801675 -172.315908074021,31.9404031314678 -172.36082363277,31.9404031314678 -172.450654750269,31.9404031314678 -172.450654750269,31.9853954827681 -172.854894779015,31.9853954827681 -172.854894779015,31.9404031314678 -173.034557014014,31.9404031314678 -173.034557014014,31.8954107801675 -173.124388131513,31.8954107801675 -173.124388131513,31.8504184288673 -173.259134807761,31.8504184288673 -173.259134807761,31.6254566723659 -173.214219249012,31.6254566723659 -173.214219249012,31.4454872671647 -173.169303690262,31.4454872671647 -173.169303690262,31.2655178619636 -173.124388131513,31.2655178619636 -173.124388131513,31.1305408080628 -173.079472572763,31.1305408080628 -173.079472572763,30.995563754162 -173.034557014014,30.995563754162 -173.034557014014,30.9055790515614 -172.989641455264,30.9055790515614 -172.989641455264,30.8155943489608 -172.944725896514,30.8155943489608 -172.944725896514,30.7706019976606 -172.899810337765,30.7706019976606 -172.899810337765,30.68061729506 -172.854894779015,30.68061729506 -172.854894779015,30.6356249437597 -172.809979220266,30.6356249437597 -172.809979220266,30.5456402411592 -172.765063661516,30.5456402411592 -172.765063661516,30.4556555385586 -172.720148102767,30.4556555385586 -172.720148102767,30.4106631872583 -172.675232544017,30.4106631872583 -172.675232544017,30.365670835958 -172.630316985268,30.365670835958 -172.630316985268,30.3206784846578 -172.585401426518,30.3206784846578 -172.540485867768,30.3206784846578 -172.540485867768,30.2756861333575 -172.495570309019,30.2756861333575 -172.495570309019,30.2306937820572 -172.450654750269,30.2306937820572 -172.450654750269,30.1857014307569 -172.40573919152,30.1857014307569 -172.36082363277,30.1857014307569 -172.36082363277,30.1407090794566 -172.315908074021,30.1407090794566 -172.315908074021,30.0957167281564 -172.270992515271,30.0957167281564 -172.270992515271,30.0057320255558 -172.226076956522,30.0057320255558 -172.226076956522,29.9607396742555 -172.181161397772,29.9607396742555 -172.181161397772,29.9157473229553 -172.136245839022,29.9157473229553 -172.136245839022,29.870754971655 -172.091330280273,29.870754971655 -172.091330280273,29.8257626203547 -172.046414721523,29.8257626203547 -172.046414721523,29.7807702690544 -172.001499162774,29.7807702690544 -172.001499162774,29.7357779177541 -171.956583604024,29.7357779177541 -171.911668045275,29.7357779177541 -171.911668045275,29.6907855664539 -171.866752486525,29.6907855664539 -171.866752486525,29.6457932151536 -171.821836927776,29.6457932151536 -171.821836927776,29.6008008638533 -171.776921369026,29.6008008638533 -171.776921369026,29.555808512553 -171.732005810277,29.555808512553 -171.732005810277,29.5108161612527 -171.687090251527,29.5108161612527 -171.687090251527,29.4658238099525 -171.642174692777,29.4658238099525 -171.597259134028,29.4658238099525 -171.597259134028,29.3758391073519 -171.552343575278,29.3758391073519 -171.552343575278,29.3308467560516 -171.507428016529,29.3308467560516 -171.462512457779,29.3308467560516 -171.462512457779,29.2858544047513 -171.41759689903,29.2858544047513 -171.41759689903,29.2408620534511 -171.37268134028,29.2408620534511 -171.37268134028,29.1958697021508 -171.327765781531,29.1958697021508 -171.327765781531,29.1508773508505 -171.282850222781,29.1508773508505 -171.282850222781,29.1058849995502 -171.237934664031,29.1058849995502 -171.237934664031,29.0608926482499 -171.193019105282,29.0608926482499 -171.193019105282,29.0159002969497 -171.148103546532,29.0159002969497 -171.148103546532,28.7909385404483 -171.193019105282,28.7909385404483 -171.193019105282,28.5209844326466 -171.237934664031,28.5209844326466 -171.237934664031,28.2960226761452 -171.282850222781,28.2960226761452 -171.282850222781,28.2060379735446 -171.327765781531,28.2060379735446 -171.327765781531,28.1160532709441 -171.37268134028,28.1160532709441 -171.37268134028,28.0260685683435 -171.41759689903,28.0260685683435 -171.41759689903,27.936083865743 -171.462512457779,27.936083865743 -171.462512457779,27.8910915144427 -171.507428016529,27.8910915144427 -171.507428016529,27.8011068118421 -171.552343575278,27.8011068118421 -171.552343575278,27.7111221092416 -171.597259134028,27.7111221092416 -171.597259134028,27.6661297579413 -171.642174692777,27.6661297579413 -171.642174692777,27.5761450553407 -171.687090251527,27.5761450553407 -171.687090251527,27.4861603527402 -171.732005810277,27.4861603527402 -171.732005810277,27.4411680014399 -171.776921369026,27.4411680014399 -171.776921369026,27.3511832988393 -171.821836927776,27.3511832988393 -171.821836927776,27.3061909475391 -171.866752486525,27.3061909475391 -171.866752486525,27.2162062449385 -171.911668045275,27.2162062449385 -171.911668045275,27.1712138936382 -171.956583604024,27.1712138936382 -171.956583604024,27.0812291910377 -172.001499162774,27.0812291910377 -172.001499162774,26.9912444884371 -172.046414721523,26.9912444884371 -172.046414721523,26.9462521371368 -172.091330280273,26.9462521371368 -172.091330280273,26.8562674345363 -172.136245839022,26.8562674345363 -172.136245839022,26.811275083236 -172.181161397772,26.811275083236 -172.181161397772,26.7212903806354 -172.226076956522,26.7212903806354 -172.226076956522,26.6762980293352 -172.270992515271,26.6762980293352 -172.270992515271,26.5863133267346 -172.315908074021,26.5863133267346 -172.315908074021,26.5413209754343 -172.36082363277,26.5413209754343 -172.36082363277,26.4513362728337 -172.40573919152,26.4513362728337 -172.40573919152,26.4063439215335 -172.450654750269,26.4063439215335 -172.450654750269,26.2713668676326 -172.495570309019,26.2713668676326 -172.495570309019,26.1813821650321 -172.540485867768,26.1813821650321 -172.540485867768,26.0913974624315 -172.585401426518,26.0913974624315 -172.585401426518,25.9564204085307 -172.630316985268,25.9564204085307 -172.630316985268,25.8664357059301 -172.675232544017,25.8664357059301 -172.675232544017,25.7764510033296 -172.720148102767,25.7764510033296 -172.720148102767,25.6414739494287 -172.765063661516,25.6414739494287 -172.765063661516,25.4165121929273 -172.809979220266,25.4165121929273 -172.809979220266,25.0115810312248 -172.854894779015,25.0115810312248 -172.854894779015,24.4716728156215 -172.809979220266,24.4716728156215 -172.809979220266,24.3366957617206 -172.765063661516,24.3366957617206 -172.765063661516,24.2467110591201 -172.720148102767,24.2467110591201 -172.720148102767,24.1117340052192 -172.675232544017,24.1117340052192 -172.675232544017,24.0217493026187 -172.630316985268,24.0217493026187 -172.630316985268,23.8867722487178 -172.585401426518,23.8867722487178 -172.585401426518,23.751795194817 -172.540485867768,23.751795194817 -172.540485867768,23.6168181409162 -172.495570309019,23.6168181409162 -172.495570309019,23.4818410870153 -172.450654750269,23.4818410870153 -172.450654750269,23.3468640331145 -172.40573919152,23.3468640331145 -172.40573919152,23.1668946279134 -172.36082363277,23.1668946279134 -172.36082363277,22.9869252227123 -172.315908074021,22.9869252227123 -172.315908074021,22.8969405201117 -172.270992515271,22.8969405201117 -172.270992515271,22.8519481688114 -172.226076956522,22.8519481688114 -172.226076956522,22.8069558175111 -172.181161397772,22.8069558175111 -172.181161397772,22.7619634662109 -172.136245839022,22.7619634662109 -172.136245839022,22.7169711149106 -172.091330280273,22.7169711149106 -172.091330280273,22.6719787636103 -172.046414721523,22.6719787636103 -172.046414721523,22.62698641231 -172.001499162774,22.62698641231 -172.001499162774,22.5370017097095 -171.956583604024,22.5370017097095 -171.956583604024,22.4920093584092 -171.911668045275,22.4920093584092 -171.911668045275,22.4470170071089 -171.866752486525,22.4470170071089 -171.866752486525,22.4020246558086 -171.821836927776,22.4020246558086 -171.821836927776,22.3570323045083 -171.776921369026,22.3570323045083 -171.776921369026,22.3120399532081 -171.732005810277,22.3120399532081 -171.732005810277,22.2670476019078 -171.687090251527,22.2670476019078 -171.687090251527,22.2220552506075 -171.642174692777,22.2220552506075 -171.642174692777,22.1320705480069 -171.597259134028,22.1320705480069 -171.552343575278,22.1320705480069 -171.552343575278,22.0870781967067 -171.507428016529,22.0870781967067 -171.507428016529,22.0420858454064 -171.462512457779,22.0420858454064 -171.462512457779,21.9970934941061 -171.41759689903,21.9970934941061 -171.41759689903,21.9521011428058 -171.37268134028,21.9521011428058 -171.37268134028,21.9071087915056 -171.327765781531,21.9071087915056 -171.282850222781,21.9071087915056 -171.282850222781,21.8621164402053 -171.237934664031,21.8621164402053 -171.237934664031,21.817124088905 -171.193019105282,21.817124088905 -171.193019105282,21.7721317376047 -171.148103546532,21.7721317376047 -171.148103546532,21.7271393863044 -171.103187987783,21.7271393863044 -171.058272429033,21.7271393863044 -171.058272429033,21.6821470350042 -171.013356870284,21.6821470350042 -171.013356870284,21.6371546837039 -170.968441311534,21.6371546837039 -170.968441311534,21.5921623324036 -170.923525752785,21.5921623324036 -170.923525752785,21.5471699811033 -170.878610194035,21.5471699811033 -170.878610194035,21.502177629803 -170.833694635285,21.502177629803 -170.833694635285,21.4571852785028 -170.788779076536,21.4571852785028 -170.788779076536,21.4121929272025 -170.743863517786,21.4121929272025 -170.743863517786,21.3672005759022 -170.698947959037,21.3672005759022 -170.698947959037,21.3222082246019 -170.654032400287,21.3222082246019 -170.654032400287,21.2772158733016 -170.609116841538,21.2772158733016 -170.609116841538,21.2322235220014 -170.564201282788,21.2322235220014 -170.564201282788,21.1872311707011 -170.519285724039,21.1872311707011 -170.519285724039,21.1422388194008 -170.474370165289,21.1422388194008 -170.474370165289,21.0972464681005 -170.42945460654,21.0972464681005 -170.42945460654,21.0522541168002 -170.38453904779,21.0522541168002 -170.38453904779,21.0072617655 -170.33962348904,21.0072617655 -170.33962348904,20.9622694141997 -170.294707930291,20.9622694141997 -170.294707930291,20.9172770628994 -170.249792371541,20.9172770628994 -170.249792371541,20.8722847115991 -170.204876812792,20.8722847115991 -170.204876812792,20.8272923602988 -170.159961254042,20.8272923602988 -170.159961254042,20.7823000089986 -170.115045695293,20.7823000089986 -170.115045695293,20.7373076576983 -170.070130136543,20.7373076576983 -170.025214577794,20.7373076576983 -170.025214577794,20.692315306398 -169.980299019044,20.692315306398 -169.935383460294,20.692315306398 -169.935383460294,20.6473229550977 -169.890467901545,20.6473229550977 -169.845552342795,20.6473229550977 -169.845552342795,20.6023306037975 -169.800636784046,20.6023306037975 -169.755721225296,20.6023306037975 -169.755721225296,20.5573382524972 -169.710805666547,20.5573382524972 -169.665890107797,20.5573382524972 -169.665890107797,20.5123459011969 -169.620974549048,20.5123459011969 -169.576058990298,20.5123459011969 -169.576058990298,20.4673535498966 -169.531143431549,20.4673535498966 -169.486227872799,20.4673535498966 -169.486227872799,20.4223611985963 -169.3963967553,20.4223611985963 -169.35148119655,20.4223611985963 -169.35148119655,20.3773688472961 -169.216734520302,20.3773688472961 -169.171818961552,20.3773688472961 -169.171818961552,20.3323764959958 -169.037072285303,20.3323764959958 -168.992156726554,20.3323764959958 -168.992156726554,20.2873841446955 -168.857410050305,20.2873841446955 -168.812494491556,20.2873841446955 -168.812494491556,20.2423917933952 -168.677747815307,20.2423917933952 -168.632832256557,20.2423917933952 -168.632832256557,20.1973994420949 -168.36333890406,20.1973994420949 -168.318423345311,20.1973994420949 -168.318423345311,20.1524070907947 -167.869267757815,20.1524070907947 -167.824352199066,20.1524070907947 -167.824352199066,20.1074147394944 -167.509943287819,20.1074147394944 -167.509943287819,20.1524070907947 -167.330281052821,20.1524070907947 -167.330281052821,20.1973994420949 -167.105703259073,20.1973994420949 -167.105703259073,20.2423917933952 -166.926041024075,20.2423917933952 -166.926041024075,20.2873841446955 -166.521800995329,20.2873841446955 -166.521800995329,20.3323764959958 -166.117560966583,20.3323764959958 -166.117560966583,20.3773688472961 -165.758236496586,20.3773688472961 -165.758236496586,20.4223611985963 -165.623489820338,20.4223611985963 -165.623489820338,20.4673535498966 -165.578574261588,20.4673535498966 -165.578574261588,20.6023306037975 -165.623489820338,20.6023306037975 -165.623489820338,20.6473229550977 -165.668405379087,20.6473229550977 -165.758236496586,20.6473229550977 -165.758236496586,20.692315306398 -165.803152055336,20.692315306398 -165.803152055336,20.6473229550977 -166.207392084082,20.6473229550977 -166.207392084082,20.6023306037975 -166.611632112828,20.6023306037975 -166.611632112828,20.5573382524972 -166.791294347826,20.5573382524972 -166.791294347826,20.6023306037975 -166.836209906575,20.6023306037975 -167.330281052821,20.6023306037975 -167.330281052821,20.6473229550977 -167.37519661157,20.6473229550977 -167.644689964067,20.6473229550977 -167.644689964067,20.692315306398 -167.689605522817,20.692315306398 -167.779436640316,20.692315306398 -167.779436640316,20.7373076576983 -167.824352199066,20.7373076576983 -167.914183316565,20.7373076576983 -167.914183316565,20.7823000089986 -167.959098875314,20.7823000089986 -168.048929992813,20.7823000089986 -168.048929992813,20.8272923602988 -168.093845551563,20.8272923602988 -168.138761110312,20.8272923602988 -168.138761110312,20.8722847115991 -168.183676669062,20.8722847115991 -168.273507786561,20.8722847115991 -168.273507786561,20.9172770628994 -168.318423345311,20.9172770628994 -168.453170021559,20.9172770628994 -168.453170021559,20.9622694141997 -168.498085580309,20.9622694141997 -168.632832256557,20.9622694141997 -168.632832256557,21.0072617655 -168.677747815307,21.0072617655 -168.812494491556,21.0072617655 -168.812494491556,21.0522541168002 -168.857410050305,21.0522541168002 -168.947241167804,21.0522541168002 -168.947241167804,21.0972464681005 -168.992156726554,21.0972464681005 -169.126903402803,21.0972464681005 -169.126903402803,21.1422388194008 -169.171818961552,21.1422388194008 -169.216734520302,21.1422388194008 -169.216734520302,21.1872311707011 -169.261650079051,21.1872311707011 -169.306565637801,21.1872311707011 -169.306565637801,21.2322235220014 -169.35148119655,21.2322235220014 -169.3963967553,21.2322235220014 -169.3963967553,21.2772158733016 -169.441312314049,21.2772158733016 -169.486227872799,21.2772158733016 -169.486227872799,21.3222082246019 -169.531143431549,21.3222082246019 -169.576058990298,21.3222082246019 -169.576058990298,21.3672005759022 -169.620974549048,21.3672005759022 -169.620974549048,21.4121929272025 -169.665890107797,21.4121929272025 -169.710805666547,21.4121929272025 -169.710805666547,21.4571852785028 -169.755721225296,21.4571852785028 -169.755721225296,21.5471699811033 -169.800636784046,21.5471699811033 -169.800636784046,21.5921623324036 -169.845552342795,21.5921623324036 -169.890467901545,21.5921623324036 -169.890467901545,21.6821470350042 -169.935383460294,21.6821470350042 -169.935383460294,21.7271393863044 -169.980299019044,21.7271393863044 -169.980299019044,21.7721317376047 -170.025214577794,21.7721317376047 -170.070130136543,21.7721317376047 -170.070130136543,21.817124088905 -170.115045695293,21.817124088905 -170.115045695293,21.8621164402053 -170.159961254042,21.8621164402053 -170.159961254042,21.9521011428058 -170.204876812792,21.9521011428058 -170.204876812792,21.9970934941061 -170.249792371541,21.9970934941061 -170.294707930291,21.9970934941061 -170.294707930291,22.0870781967067 -170.33962348904,22.0870781967067 -170.33962348904,22.1320705480069 -170.38453904779,22.1320705480069 -170.38453904779,22.1770628993072 -170.42945460654,22.1770628993072 -170.42945460654,22.2220552506075 -170.474370165289,22.2220552506075 -170.474370165289,22.2670476019078 -170.519285724039,22.2670476019078 -170.519285724039,22.3570323045083 -170.564201282788,22.3570323045083 -170.564201282788,22.4020246558086 -170.609116841538,22.4020246558086 -170.609116841538,22.4470170071089 -170.654032400287,22.4470170071089 -170.654032400287,22.4920093584092 -170.698947959037,22.4920093584092 -170.698947959037,22.5370017097095 -170.743863517786,22.5370017097095 -170.743863517786,22.62698641231 -170.788779076536,22.62698641231 -170.788779076536,22.6719787636103 -170.833694635285,22.6719787636103 -170.833694635285,22.7619634662109 -170.878610194035,22.7619634662109 -170.878610194035,22.8519481688114 -170.923525752785,22.8519481688114 -170.923525752785,22.941932871412 -170.968441311534,22.941932871412 -170.968441311534,23.0319175740125 -171.013356870284,23.0319175740125 -171.013356870284,23.1219022766131 -171.058272429033,23.1219022766131 -171.058272429033,23.2568793305139 -171.103187987783,23.2568793305139 -171.103187987783,23.3468640331145 -171.148103546532,23.3468640331145 -171.148103546532,23.5268334383156 -171.193019105282,23.5268334383156 -171.193019105282,23.6618104922164 -171.237934664031,23.6618104922164 -171.237934664031,23.8417798974176 -171.282850222781,23.8417798974176 -171.282850222781,23.9767569513184 -171.327765781531,23.9767569513184 -171.327765781531,24.1117340052192 -171.37268134028,24.1117340052192 -171.37268134028,24.2467110591201 -171.41759689903,24.2467110591201 -171.41759689903,24.3816881130209 -171.462512457779,24.3816881130209 -171.462512457779,24.4716728156215 -171.507428016529,24.4716728156215 -171.507428016529,24.6066498695223 -171.552343575278,24.6066498695223 -171.552343575278,24.9215963286243 -171.507428016529,24.9215963286243 -171.507428016529,25.1465580851257 -171.462512457779,25.1465580851257 -171.462512457779,25.3265274903268 -171.41759689903,25.3265274903268 -171.41759689903,25.4165121929273 -171.37268134028,25.4165121929273 -171.37268134028,25.5064968955279 -171.327765781531,25.5064968955279 -171.327765781531,25.6414739494287 -171.282850222781,25.6414739494287 -171.282850222781,25.7314586520293 -171.237934664031,25.7314586520293 -171.237934664031,25.8214433546298 -171.193019105282,25.8214433546298 -171.193019105282,25.9114280572304 -171.148103546532,25.9114280572304 -171.148103546532,25.9564204085307 -171.103187987783,25.9564204085307 -171.103187987783,26.0464051111312 -171.058272429033,26.0464051111312 -171.058272429033,26.0913974624315 -171.013356870284,26.0913974624315 -171.013356870284,26.1813821650321 -170.968441311534,26.1813821650321 -170.968441311534,26.2263745163324 -170.923525752785,26.2263745163324 -170.923525752785,26.3163592189329 -170.878610194035,26.3163592189329 -170.878610194035,26.3613515702332 -170.833694635285,26.3613515702332 -170.833694635285,26.4513362728337 -170.788779076536,26.4513362728337 -170.788779076536,26.496328624134 -170.743863517786,26.496328624134 -170.743863517786,26.5863133267346 -170.698947959037,26.5863133267346 -170.698947959037,26.6313056780349 -170.654032400287,26.6313056780349 -170.654032400287,26.6762980293352 -170.609116841538,26.6762980293352 -170.609116841538,26.7662827319357 -170.564201282788,26.7662827319357 -170.564201282788,26.8562674345363 -170.519285724039,26.8562674345363 -170.519285724039,26.9012597858365 -170.474370165289,26.9012597858365 -170.474370165289,26.9912444884371 -170.42945460654,26.9912444884371 -170.42945460654,27.0812291910377 -170.38453904779,27.0812291910377 -170.38453904779,27.1262215423379 -170.33962348904,27.1262215423379 -170.33962348904,27.2162062449385 -170.294707930291,27.2162062449385 -170.294707930291,27.3061909475391 -170.249792371541,27.3061909475391 -170.249792371541,27.3511832988393 -170.204876812792,27.3511832988393 -170.204876812792,27.4411680014399 -170.159961254042,27.4411680014399 -170.159961254042,27.5311527040405 -170.115045695293,27.5311527040405 -170.115045695293,27.5761450553407 -170.070130136543,27.5761450553407 -170.070130136543,27.6661297579413 -170.025214577794,27.6661297579413 -170.025214577794,27.7561144605419 -169.980299019044,27.7561144605419 -169.980299019044,27.8460991631424 -169.935383460294,27.8460991631424 -169.935383460294,28.0710609196438 -169.890467901545,28.0710609196438 -169.890467901545,28.2960226761452 -169.845552342795,28.2960226761452 -169.845552342795,28.5209844326466 -169.800636784046,28.5209844326466 -169.800636784046,28.745946189148 -169.755721225296,28.745946189148 -169.755721225296,29.0159002969497 -169.710805666547,29.0159002969497 -169.710805666547,29.2408620534511 -169.755721225296,29.2408620534511 -169.755721225296,29.3758391073519 -169.800636784046,29.3758391073519 -169.800636784046,29.4658238099525 -169.845552342795,29.4658238099525 -169.845552342795,29.555808512553 -169.890467901545,29.555808512553 -169.890467901545,29.6008008638533 -169.935383460294,29.6008008638533 -169.935383460294,29.6457932151536 -169.980299019044,29.6457932151536 -169.980299019044,29.7357779177541 -170.025214577794,29.7357779177541 -170.025214577794,29.7807702690544 -170.070130136543,29.7807702690544 -170.070130136543,29.870754971655 -170.115045695293,29.870754971655 -170.115045695293,29.9607396742555 -170.159961254042,29.9607396742555 -170.159961254042,30.0057320255558 -170.204876812792,30.0057320255558 -170.204876812792,30.0957167281564 -170.249792371541,30.0957167281564 -170.249792371541,30.1407090794566 -170.294707930291,30.1407090794566 -170.294707930291,30.2306937820572 -170.33962348904,30.2306937820572 -170.33962348904,30.2756861333575 -170.38453904779,30.2756861333575 -170.38453904779,30.365670835958 -170.42945460654,30.365670835958 -170.42945460654,30.4106631872583 -170.474370165289,30.4106631872583 -170.474370165289,30.5006478898589 -170.519285724039,30.5006478898589 -170.519285724039,30.5906325924594 -170.564201282788,30.5906325924594 -170.564201282788,30.6356249437597 -170.609116841538,30.6356249437597 -170.609116841538,30.7256096463603 -170.654032400287,30.7256096463603 -170.654032400287,30.7706019976606 -170.698947959037,30.7706019976606 -170.698947959037,30.8155943489608 -170.743863517786,30.8155943489608 -170.743863517786,30.8605867002611 -170.788779076536,30.8605867002611 -170.788779076536,30.9055790515614 -170.833694635285,30.9055790515614 -170.833694635285,30.9505714028617 -170.878610194035,30.9505714028617 -170.878610194035,30.995563754162 -170.923525752785,30.995563754162 -170.968441311534,30.995563754162 -170.968441311534,31.0405561054622 -171.013356870284,31.0405561054622 -171.058272429033,31.0405561054622 -171.058272429033,31.0855484567625 -171.103187987783,31.0855484567625 -171.237934664031,31.0855484567625</coordinates></LinearRing></innerBoundaryIs><innerBoundaryIs><LinearRing><coordinates>-157.179364775422,19.7924682803924 -157.179364775422,19.8374606316927 -157.224280334172,19.8374606316927 -157.35902701042,19.8374606316927 -157.35902701042,19.882452982993 -157.493773686669,19.882452982993 -157.493773686669,19.8374606316927 -157.448858127919,19.8374606316927 -157.448858127919,19.7924682803924 -157.40394256917,19.7924682803924 -157.40394256917,19.7474759290921 -157.35902701042,19.7474759290921 -157.35902701042,19.7024835777919 -157.314111451671,19.7024835777919 -157.314111451671,19.6574912264916 -157.269195892921,19.6574912264916 -157.269195892921,19.6124988751913 -157.224280334172,19.6124988751913 -157.224280334172,19.567506523891 -157.179364775422,19.567506523891 -157.179364775422,19.5225141725908 -157.134449216672,19.5225141725908 -157.134449216672,19.4775218212905 -157.089533657923,19.4775218212905 -157.089533657923,19.4325294699902 -157.044618099173,19.4325294699902 -157.044618099173,19.3875371186899 -156.999702540424,19.3875371186899 -156.999702540424,19.3425447673896 -156.954786981674,19.3425447673896 -156.954786981674,19.2975524160894 -156.909871422925,19.2975524160894 -156.909871422925,19.2525600647891 -156.864955864175,19.2525600647891 -156.864955864175,19.2075677134888 -156.820040305426,19.2075677134888 -156.820040305426,19.1625753621885 -156.775124746676,19.1625753621885 -156.775124746676,19.1175830108882 -156.730209187926,19.1175830108882 -156.730209187926,19.072590659588 -156.685293629177,19.072590659588 -156.685293629177,19.0275983082877 -156.640378070427,19.0275983082877 -156.640378070427,18.9826059569874 -156.595462511678,18.9826059569874 -156.595462511678,18.9376136056871 -156.550546952928,18.9376136056871 -156.550546952928,18.8926212543868 -156.505631394179,18.8926212543868 -156.460715835429,18.8926212543868 -156.460715835429,18.8026365517863 -156.41580027668,18.8026365517863 -156.37088471793,18.8026365517863 -156.37088471793,18.7126518491857 -156.32596915918,18.7126518491857 -156.32596915918,18.6676594978854 -156.281053600431,18.6676594978854 -156.281053600431,18.6226671465852 -156.236138041681,18.6226671465852 -156.236138041681,18.5776747952849 -156.191222482932,18.5776747952849 -156.191222482932,18.5326824439846 -156.146306924182,18.5326824439846 -156.146306924182,18.4876900926843 -156.101391365433,18.4876900926843 -156.056475806683,18.4876900926843 -156.056475806683,18.3977053900838 -156.011560247934,18.3977053900838 -156.011560247934,18.3527130387835 -155.966644689184,18.3527130387835 -155.966644689184,18.3077206874832 -155.921729130435,18.3077206874832 -155.876813571685,18.3077206874832 -155.876813571685,18.2627283361829 -155.786982454186,18.2627283361829 -155.742066895436,18.2627283361829 -155.742066895436,18.2177359848827 -155.697151336687,18.2177359848827 -155.652235777937,18.2177359848827 -155.652235777937,18.1727436335824 -155.562404660438,18.1727436335824 -155.517489101689,18.1727436335824 -155.517489101689,18.1277512822821 -155.472573542939,18.1277512822821 -155.427657984189,18.1277512822821 -155.427657984189,18.0827589309818 -155.33782686669,18.0827589309818 -155.292911307941,18.0827589309818 -155.292911307941,18.0377665796815 -155.247995749191,18.0377665796815 -155.203080190442,18.0377665796815 -155.203080190442,17.9927742283813 -155.113249072943,17.9927742283813 -155.068333514193,17.9927742283813 -155.068333514193,17.947781877081 -155.023417955444,17.947781877081 -154.978502396694,17.947781877081 -154.978502396694,17.9027895257807 -154.933586837944,17.9027895257807 -154.888671279195,17.9027895257807 -154.888671279195,17.8577971744804 -154.843755720445,17.8577971744804 -154.843755720445,17.9027895257807 -154.709009044197,17.9027895257807 -154.709009044197,17.947781877081 -154.664093485447,17.947781877081 -154.664093485447,17.9927742283813 -154.619177926698,17.9927742283813 -154.619177926698,18.2627283361829 -154.664093485447,18.2627283361829 -154.664093485447,18.3077206874832 -154.709009044197,18.3077206874832 -154.753924602946,18.3077206874832 -154.753924602946,18.3527130387835 -154.798840161696,18.3527130387835 -154.798840161696,18.3977053900838 -154.843755720445,18.3977053900838 -154.888671279195,18.3977053900838 -154.888671279195,18.4426977413841 -154.933586837944,18.4426977413841 -154.978502396694,18.4426977413841 -154.978502396694,18.4876900926843 -155.023417955444,18.4876900926843 -155.068333514193,18.4876900926843 -155.068333514193,18.5326824439846 -155.113249072943,18.5326824439846 -155.113249072943,18.5776747952849 -155.158164631692,18.5776747952849 -155.158164631692,18.6226671465852 -155.203080190442,18.6226671465852 -155.247995749191,18.6226671465852 -155.247995749191,18.6676594978854 -155.292911307941,18.6676594978854 -155.33782686669,18.6676594978854 -155.33782686669,18.7126518491857 -155.38274242544,18.7126518491857 -155.38274242544,18.757644200486 -155.427657984189,18.757644200486 -155.427657984189,18.8026365517863 -155.472573542939,18.8026365517863 -155.472573542939,18.8476289030866 -155.517489101689,18.8476289030866 -155.517489101689,18.8926212543868 -155.562404660438,18.8926212543868 -155.562404660438,18.9376136056871 -155.607320219188,18.9376136056871 -155.607320219188,18.9826059569874 -155.652235777937,18.9826059569874 -155.652235777937,19.0275983082877 -155.697151336687,19.0275983082877 -155.697151336687,19.072590659588 -155.742066895436,19.072590659588 -155.742066895436,19.1175830108882 -155.786982454186,19.1175830108882 -155.786982454186,19.1625753621885 -155.831898012935,19.1625753621885 -155.831898012935,19.2075677134888 -155.876813571685,19.2075677134888 -155.876813571685,19.2525600647891 -155.921729130435,19.2525600647891 -155.921729130435,19.2975524160894 -155.966644689184,19.2975524160894 -155.966644689184,19.3425447673896 -156.011560247934,19.3425447673896 -156.011560247934,19.3875371186899 -156.056475806683,19.3875371186899 -156.056475806683,19.4325294699902 -156.101391365433,19.4325294699902 -156.101391365433,19.4775218212905 -156.146306924182,19.4775218212905 -156.146306924182,19.5225141725908 -156.191222482932,19.5225141725908 -156.191222482932,19.567506523891 -156.236138041681,19.567506523891 -156.281053600431,19.567506523891 -156.281053600431,19.6124988751913 -156.32596915918,19.6124988751913 -156.460715835429,19.6124988751913 -156.460715835429,19.6574912264916 -156.505631394179,19.6574912264916 -156.640378070427,19.6574912264916 -156.640378070427,19.7024835777919 -156.685293629177,19.7024835777919 -156.820040305426,19.7024835777919 -156.820040305426,19.7474759290921 -156.864955864175,19.7474759290921 -156.999702540424,19.7474759290921 -156.999702540424,19.7924682803924 -157.044618099173,19.7924682803924 -157.179364775422,19.7924682803924</coordinates></LinearRing></innerBoundaryIs></Polygon></Placemark>
  <Placemark><name>34</name><Style><LineStyle><color>FF000000</color></LineStyle><PolyStyle><fill>1</fill><color>3c14B4FA</color></PolyStyle></Style>
        <Polygon><outerBoundaryIs><LinearRing><coordinates>-125.064740269493,37.8344011518044 -125.064740269493,39.5891028525153 -125.019824710743,39.5891028525153 -125.019824710743,37.8344011518044 -125.064740269493,37.8344011518044</coordinates></LinearRing></outerBoundaryIs></Polygon></Placemark>
  <Placemark><name>34</name><Style><LineStyle><color>FF000000</color></LineStyle><PolyStyle><fill>1</fill><color>3c14B4FA</color></PolyStyle></Style>
        <Polygon><outerBoundaryIs><LinearRing><coordinates>-144.603008325548,14.3034014217584 -144.603008325548,14.3483937730586 -144.647923884297,14.3483937730586 -144.782670560546,14.3483937730586 -144.782670560546,14.3933861243589 -144.827586119295,14.3933861243589 -144.872501678045,14.3933861243589 -144.872501678045,14.4383784756592 -144.917417236795,14.4383784756592 -144.917417236795,14.4833708269595 -144.962332795544,14.4833708269595 -144.962332795544,14.5283631782598 -145.007248354294,14.5283631782598 -145.007248354294,14.57335552956 -145.052163913043,14.57335552956 -145.052163913043,14.6183478808603 -145.097079471793,14.6183478808603 -145.097079471793,14.6633402321606 -145.141995030542,14.6633402321606 -145.141995030542,14.7083325834609 -145.186910589292,14.7083325834609 -145.186910589292,14.7533249347612 -145.231826148041,14.7533249347612 -145.231826148041,14.7983172860614 -145.276741706791,14.7983172860614 -145.276741706791,14.8433096373617 -145.32165726554,14.8433096373617 -145.32165726554,14.888301988662 -145.36657282429,14.888301988662 -145.36657282429,14.9332943399623 -145.41148838304,14.9332943399623 -146.489461793029,14.9332943399623 -146.489461793029,14.9782866912625 -146.534377351778,14.9782866912625 -146.758955145526,14.9782866912625 -146.758955145526,15.0232790425628 -146.803870704276,15.0232790425628 -146.893701821775,15.0232790425628 -146.893701821775,15.0682713938631 -146.938617380524,15.0682713938631 -146.938617380524,15.1132637451634 -146.983532939274,15.1132637451634 -147.073364056773,15.1132637451634 -147.073364056773,15.1582560964637 -147.118279615523,15.1582560964637 -147.163195174272,15.1582560964637 -147.163195174272,15.2032484477639 -147.208110733022,15.2032484477639 -147.253026291771,15.2032484477639 -147.253026291771,15.2482407990642 -147.297941850521,15.2482407990642 -147.34285740927,15.2482407990642 -147.34285740927,15.2932331503645 -147.38777296802,15.2932331503645 -147.432688526769,15.2932331503645 -147.432688526769,15.3382255016648 -147.477604085519,15.3382255016648 -147.522519644268,15.3382255016648 -147.522519644268,15.3832178529651 -147.567435203018,15.3832178529651 -147.567435203018,15.4282102042653 -147.612350761768,15.4282102042653 -147.657266320517,15.4282102042653 -147.657266320517,15.4732025555656 -147.702181879267,15.4732025555656 -147.747097438016,15.4732025555656 -147.747097438016,15.5181949068659 -147.792012996766,15.5181949068659 -147.836928555515,15.5181949068659 -147.836928555515,15.5631872581662 -147.881844114265,15.5631872581662 -147.926759673014,15.5631872581662 -147.926759673014,15.6081796094665 -147.971675231764,15.6081796094665 -148.016590790514,15.6081796094665 -148.016590790514,15.6531719607667 -148.061506349263,15.6531719607667 -148.061506349263,15.698164312067 -148.106421908013,15.698164312067 -148.151337466762,15.698164312067 -148.151337466762,15.7431566633673 -148.196253025512,15.7431566633673 -148.241168584261,15.7431566633673 -148.241168584261,15.7881490146676 -148.286084143011,15.7881490146676 -148.37591526051,15.7881490146676 -148.37591526051,15.8331413659679 -148.420830819259,15.8331413659679 -148.555577495508,15.8331413659679 -148.555577495508,15.8781337172681 -148.600493054258,15.8781337172681 -148.780155289256,15.8781337172681 -148.780155289256,15.9231260685684 -148.825070848005,15.9231260685684 -148.959817524254,15.9231260685684 -148.959817524254,15.9681184198687 -149.004733083004,15.9681184198687 -149.094564200503,15.9681184198687 -149.094564200503,16.013110771169 -149.139479759252,16.013110771169 -149.229310876751,16.013110771169 -149.229310876751,16.0581031224692 -149.274226435501,16.0581031224692 -149.364057553,16.0581031224692 -149.364057553,16.1030954737695 -149.40897311175,16.1030954737695 -149.453888670499,16.1030954737695 -149.453888670499,16.1480878250698 -149.498804229249,16.1480878250698 -149.543719787998,16.1480878250698 -149.543719787998,16.1930801763701 -149.588635346748,16.1930801763701 -149.588635346748,16.2380725276704 -149.633550905497,16.2380725276704 -149.633550905497,16.2830648789706 -149.678466464247,16.2830648789706 -149.723382022996,16.2830648789706 -149.723382022996,16.3280572302709 -149.768297581746,16.3280572302709 -149.768297581746,16.3730495815712 -149.813213140496,16.3730495815712 -149.858128699245,16.3730495815712 -149.858128699245,16.4180419328715 -149.903044257995,16.4180419328715 -149.903044257995,16.4630342841718 -149.947959816744,16.4630342841718 -149.992875375494,16.4630342841718 -149.992875375494,16.508026635472 -150.037790934243,16.508026635472 -150.127622051742,16.508026635472 -150.127622051742,16.5530189867723 -150.172537610492,16.5530189867723 -150.217453169242,16.5530189867723 -150.217453169242,16.5980113380726 -150.262368727991,16.5980113380726 -150.35219984549,16.5980113380726 -150.35219984549,16.6430036893729 -150.39711540424,16.6430036893729 -150.486946521739,16.6430036893729 -150.486946521739,16.6879960406732 -150.531862080488,16.6879960406732 -150.576777639238,16.6879960406732 -150.576777639238,16.7329883919734 -150.621693197987,16.7329883919734 -150.711524315487,16.7329883919734 -150.711524315487,16.7779807432737 -150.756439874236,16.7779807432737 -150.846270991735,16.7779807432737 -150.846270991735,16.822973094574 -150.891186550485,16.822973094574 -150.936102109234,16.822973094574 -150.936102109234,16.8679654458743 -150.981017667984,16.8679654458743 -151.115764344233,16.8679654458743 -151.115764344233,16.9129577971746 -151.160679902982,16.9129577971746 -151.38525769673,16.9129577971746 -151.38525769673,16.9579501484748 -151.430173255479,16.9579501484748 -151.609835490478,16.9579501484748 -151.609835490478,17.0029424997751 -151.654751049227,17.0029424997751 -151.834413284225,17.0029424997751 -151.834413284225,17.0479348510754 -151.879328842975,17.0479348510754 -152.148822195472,17.0479348510754 -152.148822195472,17.0929272023757 -152.193737754222,17.0929272023757 -152.32848443047,17.0929272023757 -152.32848443047,17.1379195536759 -152.37339998922,17.1379195536759 -152.642893341717,17.1379195536759 -152.642893341717,17.1829119049762 -152.687808900467,17.1829119049762 -152.867471135465,17.1829119049762 -152.867471135465,17.2279042562765 -152.912386694215,17.2279042562765 -153.092048929213,17.2279042562765 -153.092048929213,17.2728966075768 -153.136964487962,17.2728966075768 -153.271711164211,17.2728966075768 -153.271711164211,17.3178889588771 -153.675951192957,17.3178889588771 -153.675951192957,17.2728966075768 -153.810697869206,17.2728966075768 -153.810697869206,17.2279042562765 -154.125106780452,17.2279042562765 -154.125106780452,17.1829119049762 -154.484431250449,17.1829119049762 -154.484431250449,17.1379195536759 -154.753924602946,17.1379195536759 -154.753924602946,17.0929272023757 -155.158164631692,17.0929272023757 -155.158164631692,17.1379195536759 -155.203080190442,17.1379195536759 -155.33782686669,17.1379195536759 -155.33782686669,17.1829119049762 -155.38274242544,17.1829119049762 -155.427657984189,17.1829119049762 -155.427657984189,17.2279042562765 -155.472573542939,17.2279042562765 -155.517489101689,17.2279042562765 -155.517489101689,17.2728966075768 -155.562404660438,17.2728966075768 -155.562404660438,17.3178889588771 -155.607320219188,17.3178889588771 -155.652235777937,17.3178889588771 -155.652235777937,17.3628813101774 -155.697151336687,17.3628813101774 -155.742066895436,17.3628813101774 -155.742066895436,17.4078736614776 -155.786982454186,17.4078736614776 -155.786982454186,17.4528660127779 -155.831898012935,17.4528660127779 -155.876813571685,17.4528660127779 -155.876813571685,17.4978583640782 -155.921729130435,17.4978583640782 -155.966644689184,17.4978583640782 -155.966644689184,17.5428507153785 -156.011560247934,17.5428507153785 -156.056475806683,17.5428507153785 -156.056475806683,17.5878430666787 -156.101391365433,17.5878430666787 -156.146306924182,17.5878430666787 -156.146306924182,17.632835417979 -156.191222482932,17.632835417979 -156.191222482932,17.6778277692793 -156.236138041681,17.6778277692793 -156.281053600431,17.6778277692793 -156.281053600431,17.7228201205796 -156.32596915918,17.7228201205796 -156.37088471793,17.7228201205796 -156.37088471793,17.7678124718799 -156.41580027668,17.7678124718799 -156.41580027668,17.8128048231801 -156.460715835429,17.8128048231801 -156.505631394179,17.8128048231801 -156.505631394179,17.8577971744804 -156.550546952928,17.8577971744804 -156.550546952928,17.9027895257807 -156.595462511678,17.9027895257807 -156.640378070427,17.9027895257807 -156.640378070427,17.9927742283813 -156.685293629177,17.9927742283813 -156.730209187926,17.9927742283813 -156.730209187926,18.0377665796815 -156.775124746676,18.0377665796815 -156.775124746676,18.0827589309818 -156.820040305426,18.0827589309818 -156.820040305426,18.1277512822821 -156.864955864175,18.1277512822821 -156.864955864175,18.1727436335824 -156.909871422925,18.1727436335824 -156.909871422925,18.2177359848827 -156.954786981674,18.2177359848827 -156.954786981674,18.2627283361829 -156.999702540424,18.2627283361829 -156.999702540424,18.3077206874832 -157.044618099173,18.3077206874832 -157.044618099173,18.3527130387835 -157.089533657923,18.3527130387835 -157.089533657923,18.3977053900838 -157.134449216672,18.3977053900838 -157.134449216672,18.4426977413841 -157.179364775422,18.4426977413841 -157.179364775422,18.4876900926843 -157.224280334172,18.4876900926843 -157.224280334172,18.5326824439846 -157.269195892921,18.5326824439846 -157.269195892921,18.5776747952849 -157.314111451671,18.5776747952849 -157.314111451671,18.6226671465852 -157.35902701042,18.6226671465852 -157.35902701042,18.6676594978854 -157.40394256917,18.6676594978854 -157.40394256917,18.7126518491857 -157.448858127919,18.7126518491857 -157.448858127919,18.757644200486 -157.493773686669,18.757644200486 -157.538689245418,18.757644200486 -157.538689245418,18.8026365517863 -157.583604804168,18.8026365517863 -157.583604804168,18.8476289030866 -157.628520362917,18.8476289030866 -157.628520362917,18.8926212543868 -157.673435921667,18.8926212543868 -157.673435921667,18.9376136056871 -157.718351480417,18.9376136056871 -157.763267039166,18.9376136056871 -157.763267039166,18.9826059569874 -157.808182597916,18.9826059569874 -157.853098156665,18.9826059569874 -157.853098156665,19.0275983082877 -157.898013715415,19.0275983082877 -157.898013715415,19.072590659588 -157.942929274164,19.072590659588 -157.942929274164,19.1175830108882 -157.987844832914,19.1175830108882 -158.032760391663,19.1175830108882 -158.032760391663,19.1625753621885 -158.077675950413,19.1625753621885 -158.077675950413,19.2075677134888 -158.122591509163,19.2075677134888 -158.122591509163,19.2525600647891 -158.167507067912,19.2525600647891 -158.212422626662,19.2525600647891 -158.212422626662,19.2975524160894 -158.257338185411,19.2975524160894 -158.257338185411,19.3425447673896 -158.302253744161,19.3425447673896 -158.302253744161,19.3875371186899 -158.34716930291,19.3875371186899 -158.39208486166,19.3875371186899 -158.39208486166,19.4325294699902 -158.437000420409,19.4325294699902 -158.437000420409,19.4775218212905 -158.481915979159,19.4775218212905 -158.481915979159,19.5225141725908 -158.526831537908,19.5225141725908 -158.571747096658,19.5225141725908 -158.571747096658,19.567506523891 -158.616662655408,19.567506523891 -158.616662655408,19.6124988751913 -158.661578214157,19.6124988751913 -158.706493772907,19.6124988751913 -158.706493772907,19.6574912264916 -158.751409331656,19.6574912264916 -158.751409331656,19.7024835777919 -158.796324890406,19.7024835777919 -158.796324890406,19.7474759290921 -158.841240449155,19.7474759290921 -158.886156007905,19.7474759290921 -158.886156007905,19.7924682803924 -158.931071566654,19.7924682803924 -158.931071566654,19.8374606316927 -158.975987125404,19.8374606316927 -158.975987125404,19.882452982993 -159.020902684154,19.882452982993 -159.065818242903,19.882452982993 -159.065818242903,19.9274453342933 -159.110733801653,19.9274453342933 -159.110733801653,19.9724376855935 -159.155649360402,19.9724376855935 -159.155649360402,20.0174300368938 -159.245480477901,20.0174300368938 -159.245480477901,19.9724376855935 -159.290396036651,19.9724376855935 -159.290396036651,20.0174300368938 -159.4251427129,20.0174300368938 -159.4251427129,19.9724376855935 -159.470058271649,19.9724376855935 -159.470058271649,20.0174300368938 -159.604804947898,20.0174300368938 -159.604804947898,19.9724376855935 -159.649720506647,19.9724376855935 -159.649720506647,20.0174300368938 -159.919213859145,20.0174300368938 -159.919213859145,19.9724376855935 -159.964129417894,19.9724376855935 -159.964129417894,20.0174300368938 -160.098876094143,20.0174300368938 -160.098876094143,19.9724376855935 -160.143791652892,19.9724376855935 -160.143791652892,20.0174300368938 -160.41328500539,20.0174300368938 -160.41328500539,19.9724376855935 -160.458200564139,19.9724376855935 -160.458200564139,20.0174300368938 -160.592947240388,20.0174300368938 -160.592947240388,19.9724376855935 -160.637862799137,19.9724376855935 -160.637862799137,20.0174300368938 -160.682778357887,20.0174300368938 -160.682778357887,19.9724376855935 -160.997187269134,19.9724376855935 -160.997187269134,19.9274453342933 -161.221765062882,19.9274453342933 -161.221765062882,19.882452982993 -161.491258415379,19.882452982993 -161.491258415379,19.8374606316927 -161.805667326626,19.8374606316927 -161.805667326626,19.7924682803924 -162.164991796622,19.7924682803924 -162.164991796622,19.7474759290921 -162.569231825368,19.7474759290921 -162.569231825368,19.7024835777919 -162.838725177865,19.7024835777919 -162.838725177865,19.6574912264916 -163.063302971613,19.6574912264916 -163.063302971613,19.6124988751913 -163.287880765361,19.6124988751913 -163.287880765361,19.567506523891 -163.467543000359,19.567506523891 -163.467543000359,19.5225141725908 -163.781951911606,19.5225141725908 -163.781951911606,19.4775218212905 -164.276023057851,19.4775218212905 -164.276023057851,19.4325294699902 -164.770094204096,19.4325294699902 -164.770094204096,19.3875371186899 -165.892983172835,19.3875371186899 -165.892983172835,19.3425447673896 -166.297223201581,19.3425447673896 -166.297223201581,19.2975524160894 -168.318423345311,19.2975524160894 -168.318423345311,19.3425447673896 -168.36333890406,19.3425447673896 -168.498085580309,19.3425447673896 -168.498085580309,19.3875371186899 -168.543001139058,19.3875371186899 -168.677747815307,19.3875371186899 -168.677747815307,19.4325294699902 -168.722663374057,19.4325294699902 -168.857410050305,19.4325294699902 -168.857410050305,19.4775218212905 -168.902325609055,19.4775218212905 -169.037072285303,19.4775218212905 -169.037072285303,19.5225141725908 -169.081987844053,19.5225141725908 -169.216734520302,19.5225141725908 -169.216734520302,19.567506523891 -169.261650079051,19.567506523891 -169.35148119655,19.567506523891 -169.35148119655,19.6124988751913 -169.3963967553,19.6124988751913 -169.441312314049,19.6124988751913 -169.441312314049,19.6574912264916 -169.486227872799,19.6574912264916 -169.531143431549,19.6574912264916 -169.531143431549,19.7024835777919 -169.576058990298,19.7024835777919 -169.620974549048,19.7024835777919 -169.620974549048,19.7474759290921 -169.665890107797,19.7474759290921 -169.710805666547,19.7474759290921 -169.710805666547,19.7924682803924 -169.755721225296,19.7924682803924 -169.800636784046,19.7924682803924 -169.800636784046,19.8374606316927 -169.845552342795,19.8374606316927 -169.890467901545,19.8374606316927 -169.890467901545,19.882452982993 -169.935383460294,19.882452982993 -169.980299019044,19.882452982993 -169.980299019044,19.9274453342933 -170.025214577794,19.9274453342933 -170.070130136543,19.9274453342933 -170.070130136543,19.9724376855935 -170.115045695293,19.9724376855935 -170.159961254042,19.9724376855935 -170.159961254042,20.0174300368938 -170.204876812792,20.0174300368938 -170.204876812792,20.0624223881941 -170.249792371541,20.0624223881941 -170.249792371541,20.1074147394944 -170.294707930291,20.1074147394944 -170.33962348904,20.1074147394944 -170.33962348904,20.1973994420949 -170.38453904779,20.1973994420949 -170.38453904779,20.2423917933952 -170.42945460654,20.2423917933952 -170.42945460654,20.2873841446955 -170.474370165289,20.2873841446955 -170.474370165289,20.3323764959958 -170.519285724039,20.3323764959958 -170.519285724039,20.3773688472961 -170.564201282788,20.3773688472961 -170.564201282788,20.4223611985963 -170.609116841538,20.4223611985963 -170.609116841538,20.4673535498966 -170.654032400287,20.4673535498966 -170.698947959037,20.4673535498966 -170.698947959037,20.5123459011969 -170.743863517786,20.5123459011969 -170.743863517786,20.5573382524972 -170.788779076536,20.5573382524972 -170.833694635285,20.5573382524972 -170.833694635285,20.6023306037975 -170.878610194035,20.6023306037975 -170.878610194035,20.6473229550977 -170.923525752785,20.6473229550977 -170.968441311534,20.6473229550977 -170.968441311534,20.692315306398 -171.013356870284,20.692315306398 -171.013356870284,20.7373076576983 -171.058272429033,20.7373076576983 -171.058272429033,20.7823000089986 -171.103187987783,20.7823000089986 -171.103187987783,20.8272923602988 -171.148103546532,20.8272923602988 -171.148103546532,20.8722847115991 -171.193019105282,20.8722847115991 -171.193019105282,20.9172770628994 -171.237934664031,20.9172770628994 -171.237934664031,20.9622694141997 -171.282850222781,20.9622694141997 -171.327765781531,20.9622694141997 -171.327765781531,21.0072617655 -171.37268134028,21.0072617655 -171.41759689903,21.0072617655 -171.41759689903,21.0522541168002 -171.462512457779,21.0522541168002 -171.507428016529,21.0522541168002 -171.507428016529,21.0972464681005 -171.552343575278,21.0972464681005 -171.597259134028,21.0972464681005 -171.597259134028,21.1422388194008 -171.642174692777,21.1422388194008 -171.687090251527,21.1422388194008 -171.687090251527,21.1872311707011 -171.732005810277,21.1872311707011 -171.776921369026,21.1872311707011 -171.776921369026,21.2322235220014 -171.821836927776,21.2322235220014 -171.821836927776,21.2772158733016 -171.866752486525,21.2772158733016 -171.866752486525,21.3222082246019 -171.911668045275,21.3222082246019 -171.956583604024,21.3222082246019 -171.956583604024,21.3672005759022 -172.001499162774,21.3672005759022 -172.001499162774,21.4121929272025 -172.046414721523,21.4121929272025 -172.046414721523,21.4571852785028 -172.091330280273,21.4571852785028 -172.091330280273,21.502177629803 -172.136245839022,21.502177629803 -172.181161397772,21.502177629803 -172.181161397772,21.5471699811033 -172.226076956522,21.5471699811033 -172.226076956522,21.5921623324036 -172.270992515271,21.5921623324036 -172.270992515271,21.6371546837039 -172.315908074021,21.6371546837039 -172.315908074021,21.6821470350042 -172.36082363277,21.6821470350042 -172.36082363277,21.7271393863044 -172.40573919152,21.7271393863044 -172.40573919152,21.7721317376047 -172.450654750269,21.7721317376047 -172.495570309019,21.7721317376047 -172.495570309019,21.817124088905 -172.540485867768,21.817124088905 -172.540485867768,21.8621164402053 -172.585401426518,21.8621164402053 -172.585401426518,21.9521011428058 -172.630316985268,21.9521011428058 -172.675232544017,21.9521011428058 -172.675232544017,22.0420858454064 -172.720148102767,22.0420858454064 -172.765063661516,22.0420858454064 -172.765063661516,22.1320705480069 -172.809979220266,22.1320705480069 -172.854894779015,22.1320705480069 -172.854894779015,22.1770628993072 -172.899810337765,22.1770628993072 -172.899810337765,22.2220552506075 -172.944725896514,22.2220552506075 -172.944725896514,22.2670476019078 -172.989641455264,22.2670476019078 -172.989641455264,22.3120399532081 -173.034557014014,22.3120399532081 -173.034557014014,22.3570323045083 -173.079472572763,22.3570323045083 -173.079472572763,22.4470170071089 -173.124388131513,22.4470170071089 -173.169303690262,22.4470170071089 -173.169303690262,22.5370017097095 -173.214219249012,22.5370017097095 -173.214219249012,22.5819940610097 -173.259134807761,22.5819940610097 -173.259134807761,22.6719787636103 -173.304050366511,22.6719787636103 -173.304050366511,22.7169711149106 -173.34896592526,22.7169711149106 -173.34896592526,22.8069558175111 -173.39388148401,22.8069558175111 -173.39388148401,22.8969405201117 -173.438797042759,22.8969405201117 -173.438797042759,23.0319175740125 -173.483712601509,23.0319175740125 -173.483712601509,23.1668946279134 -173.528628160259,23.1668946279134 -173.528628160259,23.3018716818142 -173.573543719008,23.3018716818142 -173.573543719008,23.436848735715 -173.618459277758,23.436848735715 -173.618459277758,23.6168181409162 -173.663374836507,23.6168181409162 -173.663374836507,23.751795194817 -173.708290395257,23.751795194817 -173.708290395257,23.8417798974176 -173.753205954006,23.8417798974176 -173.753205954006,23.9767569513184 -173.798121512756,23.9767569513184 -173.798121512756,24.066741653919 -173.843037071505,24.066741653919 -173.843037071505,24.2017187078198 -173.887952630255,24.2017187078198 -173.887952630255,24.2917034104203 -173.932868189005,24.2917034104203 -173.932868189005,24.4266804643212 -173.977783747754,24.4266804643212 -173.977783747754,24.561657518222 -174.022699306504,24.561657518222 -174.022699306504,25.4165121929273 -173.977783747754,25.4165121929273 -173.977783747754,25.8214433546298 -173.932868189005,25.8214433546298 -173.932868189005,26.0913974624315 -173.887952630255,26.0913974624315 -173.887952630255,26.2713668676326 -173.843037071505,26.2713668676326 -173.843037071505,26.3613515702332 -173.798121512756,26.3613515702332 -173.798121512756,26.496328624134 -173.753205954006,26.496328624134 -173.753205954006,26.5863133267346 -173.708290395257,26.5863133267346 -173.708290395257,26.6762980293352 -173.663374836507,26.6762980293352 -173.663374836507,26.811275083236 -173.618459277758,26.811275083236 -173.618459277758,26.9012597858365 -173.573543719008,26.9012597858365 -173.573543719008,27.0362368397374 -173.528628160259,27.0362368397374 -173.528628160259,27.1262215423379 -173.483712601509,27.1262215423379 -173.483712601509,27.2162062449385 -173.438797042759,27.2162062449385 -173.438797042759,27.2611985962388 -173.39388148401,27.2611985962388 -173.39388148401,27.3511832988393 -173.34896592526,27.3511832988393 -173.34896592526,27.3961756501396 -173.304050366511,27.3961756501396 -173.304050366511,27.4861603527402 -173.259134807761,27.4861603527402 -173.259134807761,27.5311527040405 -173.214219249012,27.5311527040405 -173.214219249012,27.621137406641 -173.169303690262,27.621137406641 -173.169303690262,27.6661297579413 -173.124388131513,27.6661297579413 -173.124388131513,27.7561144605419 -173.079472572763,27.7561144605419 -173.079472572763,27.8011068118421 -173.034557014014,27.8011068118421 -173.034557014014,27.8910915144427 -172.989641455264,27.8910915144427 -172.989641455264,27.9810762170432 -172.944725896514,27.9810762170432 -172.944725896514,28.2510303248449 -172.989641455264,28.2510303248449 -173.079472572763,28.2510303248449 -173.079472572763,28.2960226761452 -173.124388131513,28.2960226761452 -173.169303690262,28.2960226761452 -173.169303690262,28.3410150274455 -173.214219249012,28.3410150274455 -173.304050366511,28.3410150274455 -173.304050366511,28.3860073787458 -173.34896592526,28.3860073787458 -173.39388148401,28.3860073787458 -173.39388148401,28.430999730046 -173.438797042759,28.430999730046 -173.438797042759,28.4759920813463 -173.483712601509,28.4759920813463 -173.528628160259,28.4759920813463 -173.528628160259,28.5209844326466 -173.573543719008,28.5209844326466 -173.618459277758,28.5209844326466 -173.618459277758,28.5659767839469 -173.663374836507,28.5659767839469 -173.663374836507,28.6109691352472 -173.708290395257,28.6109691352472 -173.708290395257,28.6559614865474 -173.753205954006,28.6559614865474 -173.798121512756,28.6559614865474 -173.798121512756,28.7009538378477 -173.843037071505,28.7009538378477 -173.887952630255,28.7009538378477 -173.887952630255,28.745946189148 -173.932868189005,28.745946189148 -173.932868189005,28.7909385404483 -173.977783747754,28.7909385404483 -174.022699306504,28.7909385404483 -174.022699306504,28.8359308917486 -174.067614865253,28.8359308917486 -174.112530424003,28.8359308917486 -174.112530424003,28.8809232430488 -174.157445982752,28.8809232430488 -174.157445982752,28.9259155943491 -174.202361541502,28.9259155943491 -174.202361541502,28.9709079456494 -174.247277100251,28.9709079456494 -174.247277100251,29.0159002969497 -174.292192659001,29.0159002969497 -174.33710821775,29.0159002969497 -174.33710821775,29.0608926482499 -174.3820237765,29.0608926482499 -174.42693933525,29.0608926482499 -174.42693933525,29.1508773508505 -174.471854893999,29.1508773508505 -174.516770452749,29.1508773508505 -174.516770452749,29.1958697021508 -174.561686011498,29.1958697021508 -174.561686011498,29.2408620534511 -174.606601570248,29.2408620534511 -174.606601570248,29.2858544047513 -174.651517128997,29.2858544047513 -174.651517128997,29.3308467560516 -174.696432687747,29.3308467560516 -174.741348246496,29.3308467560516 -174.741348246496,29.4208314586522 -174.786263805246,29.4208314586522 -174.786263805246,29.5108161612527 -174.831179363996,29.5108161612527 -174.876094922745,29.5108161612527 -174.876094922745,29.6008008638533 -174.921010481495,29.6008008638533 -174.921010481495,29.6907855664539 -174.965926040244,29.6907855664539 -174.965926040244,29.7357779177541 -175.010841598994,29.7357779177541 -175.010841598994,29.7807702690544 -175.055757157743,29.7807702690544 -175.055757157743,29.8257626203547 -175.100672716493,29.8257626203547 -175.100672716493,29.9157473229553 -175.145588275242,29.9157473229553 -175.145588275242,30.0057320255558 -175.190503833992,30.0057320255558 -175.190503833992,30.0957167281564 -175.235419392742,30.0957167281564 -175.235419392742,30.1857014307569 -175.280334951491,30.1857014307569 -175.280334951491,30.2306937820572 -175.325250510241,30.2306937820572 -175.325250510241,30.2756861333575 -175.37016606899,30.2756861333575 -175.37016606899,30.365670835958 -175.41508162774,30.365670835958 -175.41508162774,30.4556555385586 -175.459997186489,30.4556555385586 -175.459997186489,30.5906325924594 -175.504912745239,30.5906325924594 -175.504912745239,30.68061729506 -175.549828303988,30.68061729506 -175.549828303988,30.8155943489608 -175.594743862738,30.8155943489608 -175.594743862738,30.995563754162 -175.639659421487,30.995563754162 -175.639659421487,31.1305408080628 -175.684574980237,31.1305408080628 -175.684574980237,31.1755331593631 -175.729490538987,31.1755331593631 -175.729490538987,31.2205255106634 -175.774406097736,31.2205255106634 -175.819321656486,31.2205255106634 -175.819321656486,31.2655178619636 -175.864237215235,31.2655178619636 -175.864237215235,31.3105102132639 -175.909152773985,31.3105102132639 -175.909152773985,31.3555025645642 -175.954068332734,31.3555025645642 -175.954068332734,31.4004949158645 -175.998983891484,31.4004949158645 -175.998983891484,31.4454872671647 -176.043899450233,31.4454872671647 -176.088815008983,31.4454872671647 -176.088815008983,31.5354719697653 -176.133730567733,31.5354719697653 -176.178646126482,31.5354719697653 -176.178646126482,31.5804643210656 -176.223561685232,31.5804643210656 -176.223561685232,31.6254566723659 -176.268477243981,31.6254566723659 -176.268477243981,31.7154413749664 -176.313392802731,31.7154413749664 -176.35830836148,31.7154413749664 -176.35830836148,31.805426077567 -176.40322392023,31.805426077567 -176.40322392023,31.8954107801675 -176.448139478979,31.8954107801675 -176.448139478979,31.9404031314678 -176.493055037729,31.9404031314678 -176.493055037729,32.0303878340684 -176.537970596478,32.0303878340684 -176.537970596478,32.1653648879692 -176.582886155228,32.1653648879692 -176.582886155228,32.2553495905698 -176.627801713978,32.2553495905698 -176.627801713978,32.3903266444706 -176.672717272727,32.3903266444706 -176.672717272727,32.5702960496717 -176.717632831477,32.5702960496717 -176.717632831477,32.7502654548728 -176.762548390226,32.7502654548728 -176.762548390226,32.930234860074 -176.807463948976,32.930234860074 -176.807463948976,33.0652119139748 -176.852379507725,33.0652119139748 -176.852379507725,33.2901736704762 -176.897295066475,33.2901736704762 -176.897295066475,33.5151354269776 -176.942210625224,33.5151354269776 -177.121872860223,33.5151354269776 -177.121872860223,33.5601277782779 -177.166788418972,33.5601277782779 -177.211703977722,33.5601277782779 -177.211703977722,33.6051201295781 -177.256619536471,33.6051201295781 -177.34645065397,33.6051201295781 -177.34645065397,33.6501124808784 -177.39136621272,33.6501124808784 -177.481197330219,33.6501124808784 -177.481197330219,33.6951048321787 -177.526112888969,33.6951048321787 -177.526112888969,33.740097183479 -177.571028447718,33.740097183479 -177.615944006468,33.740097183479 -177.615944006468,33.7850895347793 -177.660859565217,33.7850895347793 -177.705775123967,33.7850895347793 -177.705775123967,33.8300818860795 -177.750690682716,33.8300818860795 -177.750690682716,33.9200665886801 -177.795606241466,33.9200665886801 -177.840521800215,33.9200665886801 -177.840521800215,33.9650589399804 -177.885437358965,33.9650589399804 -177.885437358965,34.0100512912807 -177.930352917715,34.0100512912807 -177.930352917715,34.0550436425809 -177.975268476464,34.0550436425809 -177.975268476464,34.1000359938812 -178.020184035214,34.1000359938812 -178.065099593963,34.1000359938812 -178.065099593963,34.1450283451815 -178.110015152713,34.1450283451815 -178.154930711462,34.1450283451815 -178.154930711462,34.1900206964818 -178.199846270212,34.1900206964818 -178.199846270212,34.2350130477821 -178.244761828961,34.2350130477821 -178.244761828961,34.2800053990823 -178.289677387711,34.2800053990823 -178.334592946461,34.2800053990823 -178.334592946461,34.3249977503826 -178.37950850521,34.3249977503826 -178.37950850521,34.3699901016829 -178.42442406396,34.3699901016829 -178.469339622709,34.3699901016829 -178.469339622709,34.4599748042835 -178.514255181459,34.4599748042835 -178.514255181459,34.5049671555837 -178.559170740208,34.5049671555837 -178.559170740208,34.549959506884 -178.604086298958,34.549959506884 -178.604086298958,34.5949518581843 -178.649001857707,34.5949518581843 -178.649001857707,34.6399442094846 -178.693917416457,34.6399442094846 -178.693917416457,34.7299289120851 -178.738832975206,34.7299289120851 -178.738832975206,34.864905965986 -178.783748533956,34.864905965986 -178.783748533956,34.9548906685865 -178.828664092706,34.9548906685865 -178.828664092706,35.1348600737876 -178.873579651455,35.1348600737876 -178.873579651455,35.5847835867904 -178.828664092706,35.5847835867904 -178.828664092706,35.7647529919915 -178.783748533956,35.7647529919915 -178.783748533956,35.8097453432918 -178.828664092706,35.8097453432918 -178.828664092706,35.8547376945921 -178.873579651455,35.8547376945921 -178.873579651455,35.8997300458924 -178.918495210205,35.8997300458924 -178.918495210205,35.9447223971927 -178.963410768954,35.9447223971927 -178.963410768954,35.989714748493 -179.008326327704,35.989714748493 -179.008326327704,36.0347070997932 -179.053241886453,36.0347070997932 -179.053241886453,36.0796994510935 -179.098157445203,36.0796994510935 -179.098157445203,36.1696841536941 -179.143073003952,36.1696841536941 -179.143073003952,36.2146765049943 -179.187988562702,36.2146765049943 -179.187988562702,36.3046612075949 -179.232904121452,36.3046612075949 -179.232904121452,36.3496535588952 -179.277819680201,36.3496535588952 -179.277819680201,36.4396382614957 -179.322735238951,36.4396382614957 -179.322735238951,36.484630612796 -179.3676507977,36.484630612796 -179.3676507977,36.5746153153966 -179.41256635645,36.5746153153966 -179.41256635645,37.0245388283994 -179.3676507977,37.0245388283994 -179.3676507977,37.1595158823002 -179.322735238951,37.1595158823002 -179.322735238951,37.2495005849008 -179.3676507977,37.2495005849008 -179.3676507977,37.294492936201 -179.41256635645,37.294492936201 -179.41256635645,37.3394852875013 -179.457481915199,37.3394852875013 -179.457481915199,37.3844776388016 -179.502397473949,37.3844776388016 -179.502397473949,37.4294699901019 -179.547313032698,37.4294699901019 -179.547313032698,37.4744623414022 -179.592228591448,37.4744623414022 -179.592228591448,37.5194546927024 -179.637144150198,37.5194546927024 -179.637144150198,37.5644470440027 -179.682059708947,37.5644470440027 -179.682059708947,37.609439395303 -179.726975267697,37.609439395303 -179.771890826446,37.609439395303 -179.771890826446,37.6544317466033 -179.816806385196,37.6544317466033 -179.816806385196,37.6994240979036 -179.861721943945,37.6994240979036 -179.861721943945,37.7444164492038 -179.906637502695,37.7444164492038 -179.906637502695,37.7894088005041 -179.951553061444,37.7894088005041 -179.951553061444,38.2393323135069 -179.906637502695,38.2393323135069 -179.906637502695,38.3743093674077 -179.951553061444,38.3743093674077 -179.951553061444,38.4642940700083 -179.906637502695,38.4642940700083 -179.906637502695,38.5092864213086 -179.951553061444,38.5092864213086 -179.951553061444,38.5542787726089 -179.906637502695,38.5542787726089 -179.906637502695,38.5992711239091 -179.951553061444,38.5992711239091 -179.951553061444,38.6442634752094 -179.906637502695,38.6442634752094 -179.906637502695,38.6892558265097 -179.951553061444,38.6892558265097 -179.951553061444,38.73424817781 -179.906637502695,38.73424817781 -179.906637502695,38.7792405291103 -179.951553061444,38.7792405291103 -179.951553061444,38.8242328804105 -179.861721943945,38.8242328804105 -179.861721943945,38.8692252317108 -179.906637502695,38.8692252317108 -179.906637502695,38.9142175830111 -179.951553061444,38.9142175830111 -179.951553061444,39.0941869882122 -179.906637502695,39.0941869882122 -179.906637502695,39.2291640421131 -179.951553061444,39.2291640421131 -179.951553061444,39.4541257986144 -179.906637502695,39.4541257986144 -179.906637502695,39.5891028525153 -179.861721943945,39.5891028525153 -179.861721943945,39.6340952038156 -179.726975267697,39.6340952038156 -179.726975267697,39.6790875551158 -179.502397473949,39.6790875551158 -179.502397473949,39.7240799064161 -178.738832975206,39.7240799064161 -178.738832975206,39.6790875551158 -178.559170740208,39.6790875551158 -178.514255181459,39.6790875551158 -178.514255181459,39.6340952038156 -178.37950850521,39.6340952038156 -178.334592946461,39.6340952038156 -178.334592946461,39.5891028525153 -177.481197330219,39.5891028525153 -177.43628177147,39.5891028525153 -177.43628177147,39.544110501215 -177.39136621272,39.544110501215 -177.39136621272,39.4991181499147 -177.34645065397,39.4991181499147 -177.34645065397,39.4541257986144 -177.301535095221,39.4541257986144 -177.301535095221,39.4091334473142 -177.256619536471,39.4091334473142 -177.256619536471,39.3641410960139 -177.211703977722,39.3641410960139 -177.211703977722,39.3191487447136 -177.166788418972,39.3191487447136 -177.166788418972,39.2741563934133 -177.121872860223,39.2741563934133 -177.121872860223,39.0491946369119 -177.076957301473,39.0491946369119 -177.076957301473,38.7792405291103 -177.032041742724,38.7792405291103 -177.032041742724,38.6892558265097 -176.987126183974,38.6892558265097 -176.987126183974,38.5992711239091 -176.942210625224,38.5992711239091 -176.942210625224,38.3743093674077 -176.897295066475,38.3743093674077 -176.897295066475,38.2843246648072 -176.852379507725,38.2843246648072 -176.807463948976,38.2843246648072 -176.807463948976,38.2393323135069 -176.762548390226,38.2393323135069 -176.762548390226,38.1943399622066 -176.717632831477,38.1943399622066 -176.717632831477,38.1043552596061 -176.672717272727,38.1043552596061 -176.672717272727,38.0593629083058 -176.627801713978,38.0593629083058 -176.627801713978,38.0143705570055 -176.582886155228,38.0143705570055 -176.582886155228,37.924385854405 -176.537970596478,37.924385854405 -176.537970596478,37.8344011518044 -176.493055037729,37.8344011518044 -176.493055037729,37.7444164492038 -176.448139478979,37.7444164492038 -176.448139478979,37.609439395303 -176.40322392023,37.609439395303 -176.40322392023,37.4744623414022 -176.35830836148,37.4744623414022 -176.35830836148,37.294492936201 -176.313392802731,37.294492936201 -176.313392802731,36.7545847205977 -176.223561685232,36.7545847205977 -176.178646126482,36.7545847205977 -176.178646126482,36.7095923692974 -176.133730567733,36.7095923692974 -176.088815008983,36.7095923692974 -176.088815008983,36.6646000179971 -175.998983891484,36.6646000179971 -175.954068332734,36.6646000179971 -175.954068332734,36.6196076666969 -175.864237215235,36.6196076666969 -175.819321656486,36.6196076666969 -175.819321656486,36.5746153153966 -175.729490538987,36.5746153153966 -175.684574980237,36.5746153153966 -175.684574980237,36.5296229640963 -175.594743862738,36.5296229640963 -175.549828303988,36.5296229640963 -175.549828303988,36.484630612796 -175.459997186489,36.484630612796 -175.41508162774,36.484630612796 -175.41508162774,36.4396382614957 -175.325250510241,36.4396382614957 -175.280334951491,36.4396382614957 -175.280334951491,36.3946459101955 -175.235419392742,36.3946459101955 -175.190503833992,36.3946459101955 -175.190503833992,36.3496535588952 -175.145588275242,36.3496535588952 -175.100672716493,36.3496535588952 -175.100672716493,36.3046612075949 -175.055757157743,36.3046612075949 -175.010841598994,36.3046612075949 -175.010841598994,36.2596688562946 -174.965926040244,36.2596688562946 -174.921010481495,36.2596688562946 -174.921010481495,36.2146765049943 -174.876094922745,36.2146765049943 -174.831179363996,36.2146765049943 -174.831179363996,36.1696841536941 -174.786263805246,36.1696841536941 -174.741348246496,36.1696841536941 -174.741348246496,36.1246918023938 -174.696432687747,36.1246918023938 -174.651517128997,36.1246918023938 -174.651517128997,36.0796994510935 -174.606601570248,36.0796994510935 -174.561686011498,36.0796994510935 -174.561686011498,36.0347070997932 -174.516770452749,36.0347070997932 -174.471854893999,36.0347070997932 -174.471854893999,35.989714748493 -174.42693933525,35.989714748493 -174.42693933525,35.9447223971927 -174.3820237765,35.9447223971927 -174.33710821775,35.9447223971927 -174.33710821775,35.8997300458924 -174.292192659001,35.8997300458924 -174.292192659001,35.8547376945921 -174.247277100251,35.8547376945921 -174.247277100251,35.8097453432918 -174.202361541502,35.8097453432918 -174.157445982752,35.8097453432918 -174.157445982752,35.7647529919915 -174.112530424003,35.7647529919915 -174.112530424003,35.7197606406913 -174.067614865253,35.7197606406913 -174.067614865253,35.674768289391 -174.022699306504,35.674768289391 -174.022699306504,35.6297759380907 -173.887952630255,35.6297759380907 -173.843037071505,35.6297759380907 -173.843037071505,35.5847835867904 -173.798121512756,35.5847835867904 -173.753205954006,35.5847835867904 -173.753205954006,35.5397912354902 -173.663374836507,35.5397912354902 -173.618459277758,35.5397912354902 -173.618459277758,35.4947988841899 -173.528628160259,35.4947988841899 -173.483712601509,35.4947988841899 -173.483712601509,35.4498065328896 -173.438797042759,35.4498065328896 -173.39388148401,35.4498065328896 -173.39388148401,35.4048141815893 -173.34896592526,35.4048141815893 -173.304050366511,35.4048141815893 -173.304050366511,35.359821830289 -173.259134807761,35.359821830289 -173.214219249012,35.359821830289 -173.214219249012,35.3148294789888 -173.169303690262,35.3148294789888 -173.124388131513,35.3148294789888 -173.124388131513,35.2698371276885 -173.079472572763,35.2698371276885 -173.079472572763,35.2248447763882 -173.034557014014,35.2248447763882 -172.989641455264,35.2248447763882 -172.989641455264,35.1798524250879 -172.944725896514,35.1798524250879 -172.899810337765,35.1798524250879 -172.899810337765,35.1348600737876 -172.854894779015,35.1348600737876 -172.854894779015,35.0898677224874 -172.809979220266,35.0898677224874 -172.765063661516,35.0898677224874 -172.765063661516,35.0448753711871 -172.720148102767,35.0448753711871 -172.720148102767,34.9998830198868 -172.675232544017,34.9998830198868 -172.630316985268,34.9998830198868 -172.630316985268,34.9098983172862 -172.585401426518,34.9098983172862 -172.585401426518,34.864905965986 -172.540485867768,34.864905965986 -172.540485867768,34.8199136146857 -172.495570309019,34.8199136146857 -172.450654750269,34.8199136146857 -172.450654750269,34.7299289120851 -172.40573919152,34.7299289120851 -172.40573919152,34.6849365607848 -172.36082363277,34.6849365607848 -172.36082363277,34.6399442094846 -172.315908074021,34.6399442094846 -172.270992515271,34.6399442094846 -172.270992515271,34.549959506884 -172.226076956522,34.549959506884 -172.226076956522,34.5049671555837 -172.181161397772,34.5049671555837 -172.181161397772,34.4599748042835 -172.136245839022,34.4599748042835 -172.136245839022,34.4149824529832 -172.046414721523,34.4149824529832 -172.001499162774,34.4149824529832 -172.001499162774,34.3699901016829 -171.956583604024,34.3699901016829 -171.911668045275,34.3699901016829 -171.911668045275,34.3249977503826 -171.866752486525,34.3249977503826 -171.821836927776,34.3249977503826 -171.821836927776,34.2800053990823 -171.642174692777,34.2800053990823 -171.597259134028,34.2800053990823 -171.597259134028,34.1900206964818 -171.507428016529,34.1900206964818 -171.462512457779,34.1900206964818 -171.462512457779,34.1450283451815 -171.41759689903,34.1450283451815 -171.37268134028,34.1450283451815 -171.37268134028,34.1000359938812 -171.327765781531,34.1000359938812 -171.282850222781,34.1000359938812 -171.282850222781,34.0550436425809 -171.237934664031,34.0550436425809 -171.237934664031,34.0100512912807 -171.193019105282,34.0100512912807 -171.148103546532,34.0100512912807 -171.148103546532,33.9650589399804 -171.103187987783,33.9650589399804 -171.058272429033,33.9650589399804 -171.058272429033,33.9200665886801 -171.013356870284,33.9200665886801 -171.013356870284,33.8750742373798 -170.968441311534,33.8750742373798 -170.968441311534,33.8300818860795 -170.923525752785,33.8300818860795 -170.878610194035,33.8300818860795 -170.878610194035,33.7850895347793 -170.788779076536,33.7850895347793 -170.743863517786,33.7850895347793 -170.743863517786,33.740097183479 -170.654032400287,33.740097183479 -170.609116841538,33.740097183479 -170.609116841538,33.6951048321787 -170.564201282788,33.6951048321787 -170.564201282788,33.6501124808784 -170.474370165289,33.6501124808784 -170.42945460654,33.6501124808784 -170.42945460654,33.6051201295781 -170.38453904779,33.6051201295781 -170.33962348904,33.6051201295781 -170.33962348904,33.5601277782779 -170.294707930291,33.5601277782779 -170.249792371541,33.5601277782779 -170.249792371541,33.5151354269776 -170.204876812792,33.5151354269776 -170.159961254042,33.5151354269776 -170.159961254042,33.4701430756773 -170.115045695293,33.4701430756773 -170.070130136543,33.4701430756773 -170.070130136543,33.425150724377 -170.025214577794,33.425150724377 -169.980299019044,33.425150724377 -169.980299019044,33.3801583730768 -169.935383460294,33.3801583730768 -169.890467901545,33.3801583730768 -169.890467901545,33.3351660217765 -169.845552342795,33.3351660217765 -169.800636784046,33.3351660217765 -169.800636784046,33.2901736704762 -169.755721225296,33.2901736704762 -169.755721225296,33.2451813191759 -169.710805666547,33.2451813191759 -169.665890107797,33.2451813191759 -169.665890107797,33.2001889678756 -169.620974549048,33.2001889678756 -169.576058990298,33.2001889678756 -169.576058990298,33.1551966165754 -169.531143431549,33.1551966165754 -169.531143431549,33.1102042652751 -169.486227872799,33.1102042652751 -169.441312314049,33.1102042652751 -169.441312314049,33.0652119139748 -169.3963967553,33.0652119139748 -169.3963967553,33.0202195626745 -169.35148119655,33.0202195626745 -169.35148119655,32.9752272113742 -169.306565637801,32.9752272113742 -169.306565637801,32.930234860074 -169.261650079051,32.930234860074 -169.261650079051,32.8852425087737 -169.216734520302,32.8852425087737 -169.216734520302,32.8402501574734 -169.171818961552,32.8402501574734 -169.126903402803,32.8402501574734 -169.126903402803,32.7952578061731 -169.081987844053,32.7952578061731 -169.081987844053,32.7502654548728 -169.037072285303,32.7502654548728 -169.037072285303,32.6602807522723 -168.992156726554,32.6602807522723 -168.992156726554,32.615288400972 -168.947241167804,32.615288400972 -168.947241167804,32.5702960496717 -168.902325609055,32.5702960496717 -168.902325609055,32.4803113470712 -168.857410050305,32.4803113470712 -168.857410050305,32.3903266444706 -168.812494491556,32.3903266444706 -168.812494491556,32.3003419418701 -168.767578932806,32.3003419418701 -168.767578932806,32.2103572392695 -168.722663374057,32.2103572392695 -168.722663374057,32.0753801853687 -168.677747815307,32.0753801853687 -168.677747815307,32.0303878340684 -168.632832256557,32.0303878340684 -168.632832256557,31.8954107801675 -168.587916697808,31.8954107801675 -168.587916697808,31.8504184288673 -168.543001139058,31.8504184288673 -168.543001139058,31.7154413749664 -168.498085580309,31.7154413749664 -168.498085580309,31.5804643210656 -168.453170021559,31.5804643210656 -168.453170021559,31.4454872671647 -168.40825446281,31.4454872671647 -168.40825446281,31.3105102132639 -168.36333890406,31.3105102132639 -168.36333890406,31.1305408080628 -168.318423345311,31.1305408080628 -168.318423345311,30.995563754162 -168.273507786561,30.995563754162 -168.273507786561,30.8155943489608 -168.228592227812,30.8155943489608 -168.228592227812,30.68061729506 -168.183676669062,30.68061729506 -168.183676669062,30.5006478898589 -168.138761110312,30.5006478898589 -168.138761110312,30.365670835958 -168.093845551563,30.365670835958 -168.093845551563,30.2306937820572 -168.048929992813,30.2306937820572 -168.048929992813,30.0957167281564 -168.004014434064,30.0957167281564 -168.004014434064,29.9607396742555 -167.959098875314,29.9607396742555 -167.959098875314,29.8257626203547 -167.914183316565,29.8257626203547 -167.914183316565,29.6907855664539 -167.869267757815,29.6907855664539 -167.869267757815,29.4208314586522 -167.824352199066,29.4208314586522 -167.824352199066,28.8359308917486 -167.869267757815,28.8359308917486 -167.869267757815,28.6109691352472 -167.914183316565,28.6109691352472 -167.914183316565,28.3860073787458 -167.959098875314,28.3860073787458 -167.959098875314,28.1610456222444 -168.004014434064,28.1610456222444 -168.004014434064,27.9810762170432 -168.048929992813,27.9810762170432 -168.048929992813,27.7561144605419 -168.093845551563,27.7561144605419 -168.093845551563,27.5311527040405 -168.138761110312,27.5311527040405 -168.138761110312,27.3961756501396 -168.183676669062,27.3961756501396 -168.183676669062,27.2611985962388 -168.228592227812,27.2611985962388 -168.228592227812,27.1712138936382 -168.273507786561,27.1712138936382 -168.273507786561,27.0812291910377 -168.318423345311,27.0812291910377 -168.318423345311,26.9912444884371 -168.36333890406,26.9912444884371 -168.36333890406,26.9012597858365 -168.40825446281,26.9012597858365 -168.40825446281,26.8562674345363 -168.453170021559,26.8562674345363 -168.453170021559,26.7662827319357 -168.498085580309,26.7662827319357 -168.498085580309,26.7212903806354 -168.543001139058,26.7212903806354 -168.543001139058,26.6762980293352 -168.587916697808,26.6762980293352 -168.587916697808,26.6313056780349 -168.632832256557,26.6313056780349 -168.632832256557,26.5413209754343 -168.677747815307,26.5413209754343 -168.677747815307,26.496328624134 -168.722663374057,26.496328624134 -168.722663374057,26.4513362728337 -168.767578932806,26.4513362728337 -168.767578932806,26.4063439215335 -168.812494491556,26.4063439215335 -168.812494491556,26.3613515702332 -168.857410050305,26.3613515702332 -168.857410050305,26.3163592189329 -168.902325609055,26.3163592189329 -168.902325609055,26.2263745163324 -168.947241167804,26.2263745163324 -168.947241167804,26.1813821650321 -168.992156726554,26.1813821650321 -168.992156726554,26.1363898137318 -169.037072285303,26.1363898137318 -169.037072285303,26.0913974624315 -169.081987844053,26.0913974624315 -169.081987844053,26.0464051111312 -169.126903402803,26.0464051111312 -169.126903402803,25.9564204085307 -169.171818961552,25.9564204085307 -169.171818961552,25.9114280572304 -169.216734520302,25.9114280572304 -169.216734520302,25.8664357059301 -169.261650079051,25.8664357059301 -169.261650079051,25.8214433546298 -169.306565637801,25.8214433546298 -169.306565637801,25.7764510033296 -169.35148119655,25.7764510033296 -169.35148119655,25.7314586520293 -169.3963967553,25.7314586520293 -169.3963967553,25.686466300729 -169.441312314049,25.686466300729 -169.441312314049,25.5964815981284 -169.486227872799,25.5964815981284 -169.486227872799,25.5514892468282 -169.531143431549,25.5514892468282 -169.531143431549,25.5064968955279 -169.576058990298,25.5064968955279 -169.576058990298,25.4615045442276 -169.620974549048,25.4615045442276 -169.620974549048,25.4165121929273 -169.665890107797,25.4165121929273 -169.665890107797,25.371519841627 -169.710805666547,25.371519841627 -169.710805666547,25.3265274903268 -169.755721225296,25.3265274903268 -169.755721225296,25.1915504364259 -169.710805666547,25.1915504364259 -169.710805666547,25.0565733825251 -169.665890107797,25.0565733825251 -169.665890107797,24.9215963286243 -169.620974549048,24.9215963286243 -169.620974549048,24.7866192747234 -169.576058990298,24.7866192747234 -169.576058990298,24.6516422208226 -169.531143431549,24.6516422208226 -169.531143431549,24.4716728156215 -169.486227872799,24.4716728156215 -169.486227872799,24.2917034104203 -169.441312314049,24.2917034104203 -169.441312314049,24.1117340052192 -169.3963967553,24.1117340052192 -169.3963967553,23.9317646000181 -169.35148119655,23.9317646000181 -169.35148119655,23.7068028435167 -169.306565637801,23.7068028435167 -169.306565637801,22.9869252227123 -169.261650079051,22.9869252227123 -169.261650079051,22.8969405201117 -169.216734520302,22.8969405201117 -169.216734520302,22.7619634662109 -169.171818961552,22.7619634662109 -169.171818961552,22.7169711149106 -169.126903402803,22.7169711149106 -169.126903402803,22.6719787636103 -169.081987844053,22.6719787636103 -169.081987844053,22.62698641231 -169.037072285303,22.62698641231 -169.037072285303,22.5819940610097 -168.992156726554,22.5819940610097 -168.992156726554,22.5370017097095 -168.947241167804,22.5370017097095 -168.947241167804,22.4920093584092 -168.902325609055,22.4920093584092 -168.902325609055,22.4470170071089 -168.857410050305,22.4470170071089 -168.857410050305,22.4020246558086 -168.812494491556,22.4020246558086 -168.812494491556,22.3570323045083 -168.767578932806,22.3570323045083 -168.722663374057,22.3570323045083 -168.722663374057,22.3120399532081 -168.677747815307,22.3120399532081 -168.632832256557,22.3120399532081 -168.632832256557,22.2670476019078 -168.543001139058,22.2670476019078 -168.498085580309,22.2670476019078 -168.498085580309,22.2220552506075 -168.36333890406,22.2220552506075 -168.318423345311,22.2220552506075 -168.318423345311,22.1770628993072 -168.183676669062,22.1770628993072 -168.138761110312,22.1770628993072 -168.138761110312,22.1320705480069 -168.048929992813,22.1320705480069 -168.004014434064,22.1320705480069 -168.004014434064,22.0870781967067 -167.869267757815,22.0870781967067 -167.824352199066,22.0870781967067 -167.824352199066,22.0420858454064 -167.779436640316,22.0420858454064 -167.734521081566,22.0420858454064 -167.734521081566,21.9970934941061 -167.644689964067,21.9970934941061 -167.599774405318,21.9970934941061 -167.599774405318,21.9521011428058 -167.554858846568,21.9521011428058 -167.509943287819,21.9521011428058 -167.509943287819,21.9071087915056 -167.465027729069,21.9071087915056 -167.465027729069,21.8621164402053 -167.42011217032,21.8621164402053 -167.42011217032,21.817124088905 -167.37519661157,21.817124088905 -167.330281052821,21.817124088905 -167.330281052821,21.7721317376047 -167.285365494071,21.7721317376047 -167.285365494071,21.7271393863044 -166.746378789076,21.7271393863044 -166.746378789076,21.7721317376047 -166.34213876033,21.7721317376047 -166.34213876033,21.817124088905 -165.533658702838,21.817124088905 -165.533658702838,21.7721317376047 -165.35399646784,21.7721317376047 -165.309080909091,21.7721317376047 -165.309080909091,21.7271393863044 -165.129418674093,21.7271393863044 -165.084503115343,21.7271393863044 -165.084503115343,21.6821470350042 -164.4107697341,21.6821470350042 -164.4107697341,21.7271393863044 -163.961614146604,21.7271393863044 -163.961614146604,21.7721317376047 -163.647205235357,21.7721317376047 -163.647205235357,21.817124088905 -163.37771188286,21.817124088905 -163.37771188286,21.8621164402053 -163.108218530363,21.8621164402053 -163.108218530363,21.9071087915056 -162.838725177865,21.9071087915056 -162.838725177865,21.9521011428058 -162.569231825368,21.9521011428058 -162.569231825368,21.9970934941061 -162.38956959037,21.9970934941061 -162.38956959037,22.0420858454064 -162.254822914121,22.0420858454064 -162.254822914121,22.0870781967067 -162.120076237873,22.0870781967067 -162.120076237873,22.1320705480069 -161.985329561624,22.1320705480069 -161.985329561624,22.1770628993072 -161.850582885375,22.1770628993072 -161.850582885375,22.2220552506075 -161.715836209127,22.2220552506075 -161.715836209127,22.2670476019078 -161.581089532878,22.2670476019078 -161.581089532878,22.3120399532081 -161.491258415379,22.3120399532081 -161.491258415379,22.3570323045083 -161.35651173913,22.3570323045083 -161.35651173913,22.4020246558086 -161.221765062882,22.4020246558086 -161.221765062882,22.4470170071089 -161.131933945382,22.4470170071089 -161.131933945382,22.4920093584092 -160.997187269134,22.4920093584092 -160.997187269134,22.5370017097095 -160.772609475386,22.5370017097095 -160.772609475386,22.5819940610097 -158.077675950413,22.5819940610097 -158.077675950413,22.5370017097095 -157.987844832914,22.5370017097095 -157.942929274164,22.5370017097095 -157.942929274164,22.4920093584092 -157.763267039166,22.4920093584092 -157.718351480417,22.4920093584092 -157.718351480417,22.4470170071089 -157.673435921667,22.4470170071089 -157.628520362917,22.4470170071089 -157.628520362917,22.4020246558086 -157.583604804168,22.4020246558086 -157.538689245418,22.4020246558086 -157.538689245418,22.3570323045083 -157.493773686669,22.3570323045083 -157.448858127919,22.3570323045083 -157.448858127919,22.3120399532081 -157.40394256917,22.3120399532081 -157.40394256917,22.2670476019078 -157.35902701042,22.2670476019078 -157.35902701042,22.2220552506075 -157.314111451671,22.2220552506075 -157.269195892921,22.2220552506075 -157.269195892921,22.1770628993072 -157.224280334172,22.1770628993072 -157.224280334172,22.1320705480069 -157.179364775422,22.1320705480069 -157.134449216672,22.1320705480069 -157.134449216672,22.0870781967067 -157.089533657923,22.0870781967067 -157.089533657923,22.0420858454064 -157.044618099173,22.0420858454064 -157.044618099173,21.9970934941061 -156.999702540424,21.9970934941061 -156.954786981674,21.9970934941061 -156.954786981674,21.9521011428058 -156.909871422925,21.9521011428058 -156.909871422925,21.9071087915056 -156.864955864175,21.9071087915056 -156.864955864175,21.8621164402053 -156.820040305426,21.8621164402053 -156.775124746676,21.8621164402053 -156.775124746676,21.817124088905 -156.730209187926,21.817124088905 -156.730209187926,21.7721317376047 -156.685293629177,21.7721317376047 -156.685293629177,21.7271393863044 -156.640378070427,21.7271393863044 -156.595462511678,21.7271393863044 -156.595462511678,21.6821470350042 -156.550546952928,21.6821470350042 -156.550546952928,21.6371546837039 -156.505631394179,21.6371546837039 -156.505631394179,21.5921623324036 -156.460715835429,21.5921623324036 -156.460715835429,21.5471699811033 -156.41580027668,21.5471699811033 -156.37088471793,21.5471699811033 -156.37088471793,21.502177629803 -156.32596915918,21.502177629803 -156.32596915918,21.4571852785028 -156.281053600431,21.4571852785028 -156.236138041681,21.4571852785028 -156.236138041681,21.4121929272025 -156.191222482932,21.4121929272025 -156.146306924182,21.4121929272025 -156.146306924182,21.3672005759022 -156.056475806683,21.3672005759022 -156.011560247934,21.3672005759022 -156.011560247934,21.3222082246019 -155.966644689184,21.3222082246019 -155.921729130435,21.3222082246019 -155.921729130435,21.2772158733016 -155.831898012935,21.2772158733016 -155.786982454186,21.2772158733016 -155.786982454186,21.2322235220014 -155.742066895436,21.2322235220014 -155.742066895436,21.1872311707011 -155.697151336687,21.1872311707011 -155.652235777937,21.1872311707011 -155.652235777937,21.1422388194008 -155.562404660438,21.1422388194008 -155.517489101689,21.1422388194008 -155.517489101689,21.0972464681005 -155.472573542939,21.0972464681005 -155.427657984189,21.0972464681005 -155.427657984189,21.0522541168002 -155.33782686669,21.0522541168002 -155.292911307941,21.0522541168002 -155.292911307941,21.0072617655 -155.247995749191,21.0072617655 -155.203080190442,21.0072617655 -155.203080190442,20.9622694141997 -155.113249072943,20.9622694141997 -155.068333514193,20.9622694141997 -155.068333514193,20.9172770628994 -155.023417955444,20.9172770628994 -155.023417955444,20.8722847115991 -154.978502396694,20.8722847115991 -154.933586837944,20.8722847115991 -154.933586837944,20.8272923602988 -154.888671279195,20.8272923602988 -154.843755720445,20.8272923602988 -154.843755720445,20.7823000089986 -154.798840161696,20.7823000089986 -154.798840161696,20.7373076576983 -154.753924602946,20.7373076576983 -154.709009044197,20.7373076576983 -154.709009044197,20.692315306398 -154.664093485447,20.692315306398 -154.664093485447,20.6473229550977 -154.619177926698,20.6473229550977 -154.619177926698,20.6023306037975 -154.574262367948,20.6023306037975 -154.529346809198,20.6023306037975 -154.529346809198,20.5123459011969 -154.214937897952,20.5123459011969 -154.214937897952,20.5573382524972 -153.226795605461,20.5573382524972 -153.226795605461,20.5123459011969 -152.732724459216,20.5123459011969 -152.687808900467,20.5123459011969 -152.687808900467,20.4673535498966 -152.148822195472,20.4673535498966 -152.103906636723,20.4673535498966 -152.103906636723,20.4223611985963 -151.430173255479,20.4223611985963 -151.38525769673,20.4223611985963 -151.38525769673,20.3773688472961 -151.070848785483,20.3773688472961 -151.025933226733,20.3773688472961 -151.025933226733,20.3323764959958 -150.936102109234,20.3323764959958 -150.891186550485,20.3323764959958 -150.891186550485,20.2873841446955 -150.756439874236,20.2873841446955 -150.711524315487,20.2873841446955 -150.711524315487,20.2423917933952 -150.576777639238,20.2423917933952 -150.531862080488,20.2423917933952 -150.531862080488,20.1973994420949 -150.486946521739,20.1973994420949 -150.442030962989,20.1973994420949 -150.442030962989,20.1524070907947 -150.39711540424,20.1524070907947 -150.35219984549,20.1524070907947 -150.35219984549,20.1074147394944 -150.307284286741,20.1074147394944 -150.262368727991,20.1074147394944 -150.262368727991,20.0624223881941 -150.172537610492,20.0624223881941 -150.127622051742,20.0624223881941 -150.127622051742,20.0174300368938 -150.037790934243,20.0174300368938 -149.992875375494,20.0174300368938 -149.992875375494,19.9724376855935 -149.947959816744,19.9724376855935 -149.947959816744,19.9274453342933 -149.903044257995,19.9274453342933 -149.858128699245,19.9274453342933 -149.858128699245,19.882452982993 -149.813213140496,19.882452982993 -149.768297581746,19.882452982993 -149.768297581746,19.8374606316927 -149.723382022996,19.8374606316927 -149.678466464247,19.8374606316927 -149.678466464247,19.7924682803924 -149.633550905497,19.7924682803924 -149.633550905497,19.7474759290921 -149.543719787998,19.7474759290921 -149.498804229249,19.7474759290921 -149.498804229249,19.7024835777919 -149.453888670499,19.7024835777919 -149.453888670499,19.6574912264916 -149.40897311175,19.6574912264916 -149.364057553,19.6574912264916 -149.364057553,19.6124988751913 -149.319141994251,19.6124988751913 -149.274226435501,19.6124988751913 -149.274226435501,19.567506523891 -149.229310876751,19.567506523891 -149.184395318002,19.567506523891 -149.184395318002,19.5225141725908 -149.049648641753,19.5225141725908 -149.049648641753,19.567506523891 -148.959817524254,19.567506523891 -148.959817524254,19.6124988751913 -148.825070848005,19.6124988751913 -148.825070848005,19.6574912264916 -148.690324171757,19.6574912264916 -148.690324171757,19.7024835777919 -148.555577495508,19.7024835777919 -148.555577495508,19.7474759290921 -148.420830819259,19.7474759290921 -148.420830819259,19.7924682803924 -148.196253025512,19.7924682803924 -148.196253025512,19.8374606316927 -147.926759673014,19.8374606316927 -147.926759673014,19.882452982993 -146.983532939274,19.882452982993 -146.983532939274,19.8374606316927 -146.758955145526,19.8374606316927 -146.714039586777,19.8374606316927 -146.714039586777,19.7924682803924 -146.489461793029,19.7924682803924 -146.444546234279,19.7924682803924 -146.444546234279,19.7474759290921 -146.264883999281,19.7474759290921 -146.219968440531,19.7474759290921 -146.219968440531,19.7024835777919 -146.085221764283,19.7024835777919 -146.040306205533,19.7024835777919 -146.040306205533,19.6574912264916 -145.905559529285,19.6574912264916 -145.860643970535,19.6574912264916 -145.860643970535,19.6124988751913 -145.725897294286,19.6124988751913 -145.680981735537,19.6124988751913 -145.680981735537,19.567506523891 -145.501319500539,19.567506523891 -145.456403941789,19.567506523891 -145.456403941789,19.5225141725908 -145.36657282429,19.5225141725908 -145.32165726554,19.5225141725908 -145.32165726554,19.4775218212905 -145.231826148041,19.4775218212905 -145.186910589292,19.4775218212905 -145.186910589292,19.4325294699902 -145.097079471793,19.4325294699902 -145.052163913043,19.4325294699902 -145.052163913043,19.3875371186899 -144.962332795544,19.3875371186899 -144.917417236795,19.3875371186899 -144.917417236795,19.3425447673896 -144.872501678045,19.3425447673896 -144.872501678045,19.2975524160894 -144.737755001796,19.2975524160894 -144.692839443047,19.2975524160894 -144.692839443047,19.2525600647891 -144.647923884297,19.2525600647891 -144.647923884297,19.2075677134888 -144.603008325548,19.2075677134888 -144.603008325548,19.1625753621885 -144.513177208049,19.1625753621885 -144.468261649299,19.1625753621885 -144.468261649299,19.1175830108882 -144.423346090549,19.1175830108882 -144.423346090549,19.072590659588 -144.3784305318,19.072590659588 -144.3784305318,19.0275983082877 -144.33351497305,19.0275983082877 -144.33351497305,18.9826059569874 -144.288599414301,18.9826059569874 -144.288599414301,18.9376136056871 -144.243683855551,18.9376136056871 -144.198768296802,18.9376136056871 -144.198768296802,18.8926212543868 -144.153852738052,18.8926212543868 -144.153852738052,18.8476289030866 -144.198768296802,18.8476289030866 -144.198768296802,18.8026365517863 -144.153852738052,18.8026365517863 -144.153852738052,18.757644200486 -144.108937179303,18.757644200486 -144.108937179303,18.7126518491857 -144.064021620553,18.7126518491857 -144.064021620553,18.6676594978854 -144.108937179303,18.6676594978854 -144.108937179303,18.6226671465852 -144.064021620553,18.6226671465852 -144.064021620553,18.5776747952849 -144.019106061803,18.5776747952849 -144.019106061803,18.4426977413841 -143.974190503054,18.4426977413841 -143.974190503054,18.3527130387835 -143.929274944304,18.3527130387835 -143.929274944304,18.2177359848827 -143.884359385555,18.2177359848827 -143.884359385555,18.1727436335824 -143.839443826805,18.1727436335824 -143.839443826805,18.1277512822821 -143.884359385555,18.1277512822821 -143.884359385555,18.0827589309818 -143.839443826805,18.0827589309818 -143.839443826805,17.9927742283813 -143.794528268056,17.9927742283813 -143.794528268056,17.8577971744804 -143.749612709306,17.8577971744804 -143.749612709306,17.8128048231801 -143.704697150557,17.8128048231801 -143.704697150557,17.7678124718799 -143.749612709306,17.7678124718799 -143.749612709306,17.7228201205796 -143.704697150557,17.7228201205796 -143.704697150557,17.6778277692793 -143.659781591807,17.6778277692793 -143.659781591807,17.5428507153785 -143.614866033058,17.5428507153785 -143.614866033058,17.4528660127779 -143.569950474308,17.4528660127779 -143.569950474308,17.3178889588771 -143.525034915558,17.3178889588771 -143.525034915558,17.1829119049762 -143.480119356809,17.1829119049762 -143.480119356809,17.0479348510754 -143.435203798059,17.0479348510754 -143.435203798059,16.3730495815712 -143.39028823931,16.3730495815712 -143.39028823931,15.7881490146676 -143.34537268056,15.7881490146676 -143.34537268056,15.3832178529651 -143.39028823931,15.3832178529651 -143.39028823931,15.2032484477639 -143.435203798059,15.2032484477639 -143.435203798059,15.0682713938631 -143.480119356809,15.0682713938631 -143.480119356809,14.9782866912625 -143.525034915558,14.9782866912625 -143.525034915558,14.888301988662 -143.569950474308,14.888301988662 -143.569950474308,14.7983172860614 -143.614866033058,14.7983172860614 -143.614866033058,14.7533249347612 -143.659781591807,14.7533249347612 -143.659781591807,14.7083325834609 -143.704697150557,14.7083325834609 -143.704697150557,14.6633402321606 -143.749612709306,14.6633402321606 -143.749612709306,14.6183478808603 -143.794528268056,14.6183478808603 -143.794528268056,14.57335552956 -143.839443826805,14.57335552956 -143.839443826805,14.5283631782598 -143.884359385555,14.5283631782598 -143.884359385555,14.4833708269595 -143.974190503054,14.4833708269595 -143.974190503054,14.4383784756592 -144.064021620553,14.4383784756592 -144.064021620553,14.3933861243589 -144.198768296802,14.3933861243589 -144.198768296802,14.3483937730586 -144.423346090549,14.3483937730586 -144.423346090549,14.3034014217584 -144.603008325548,14.3034014217584</coordinates></LinearRing></outerBoundaryIs><innerBoundaryIs><LinearRing><coordinates>-170.474370165289,20.7823000089986 -170.42945460654,20.7823000089986 -170.42945460654,20.7373076576983 -170.38453904779,20.7373076576983 -170.33962348904,20.7373076576983 -170.33962348904,20.692315306398 -170.294707930291,20.692315306398 -170.249792371541,20.692315306398 -170.249792371541,20.6473229550977 -170.204876812792,20.6473229550977 -170.204876812792,20.6023306037975 -170.159961254042,20.6023306037975 -170.159961254042,20.5573382524972 -170.115045695293,20.5573382524972 -170.115045695293,20.5123459011969 -170.070130136543,20.5123459011969 -170.025214577794,20.5123459011969 -170.025214577794,20.4673535498966 -169.980299019044,20.4673535498966 -169.935383460294,20.4673535498966 -169.935383460294,20.4223611985963 -169.890467901545,20.4223611985963 -169.845552342795,20.4223611985963 -169.845552342795,20.3773688472961 -169.800636784046,20.3773688472961 -169.755721225296,20.3773688472961 -169.755721225296,20.3323764959958 -169.710805666547,20.3323764959958 -169.665890107797,20.3323764959958 -169.665890107797,20.2873841446955 -169.620974549048,20.2873841446955 -169.576058990298,20.2873841446955 -169.576058990298,20.2423917933952 -169.531143431549,20.2423917933952 -169.486227872799,20.2423917933952 -169.486227872799,20.1973994420949 -169.441312314049,20.1973994420949 -169.3963967553,20.1973994420949 -169.3963967553,20.1524070907947 -169.261650079051,20.1524070907947 -169.216734520302,20.1524070907947 -169.216734520302,20.1074147394944 -169.081987844053,20.1074147394944 -169.037072285303,20.1074147394944 -169.037072285303,20.0624223881941 -168.902325609055,20.0624223881941 -168.857410050305,20.0624223881941 -168.857410050305,20.0174300368938 -168.722663374057,20.0174300368938 -168.677747815307,20.0174300368938 -168.677747815307,19.9724376855935 -168.543001139058,19.9724376855935 -168.498085580309,19.9724376855935 -168.498085580309,19.9274453342933 -168.183676669062,19.9274453342933 -168.183676669062,19.9724376855935 -166.611632112828,19.9724376855935 -166.611632112828,20.0174300368938 -166.252307642831,20.0174300368938 -166.252307642831,20.0624223881941 -165.803152055336,20.0624223881941 -165.803152055336,20.1074147394944 -165.578574261588,20.1074147394944 -165.578574261588,20.1524070907947 -165.443827585339,20.1524070907947 -165.443827585339,20.1973994420949 -165.309080909091,20.1973994420949 -165.309080909091,20.2423917933952 -164.770094204096,20.2423917933952 -164.770094204096,20.2873841446955 -164.276023057851,20.2873841446955 -164.276023057851,20.3323764959958 -163.781951911606,20.3323764959958 -163.781951911606,20.3773688472961 -163.33279632411,20.3773688472961 -163.33279632411,20.4223611985963 -162.883640736615,20.4223611985963 -162.883640736615,20.4673535498966 -162.434485149119,20.4673535498966 -162.434485149119,20.5123459011969 -162.075160679123,20.5123459011969 -162.075160679123,20.5573382524972 -161.670920650377,20.5573382524972 -161.670920650377,20.6023306037975 -161.40142729788,20.6023306037975 -161.40142729788,20.6473229550977 -161.087018386633,20.6473229550977 -161.087018386633,20.692315306398 -160.772609475386,20.692315306398 -160.772609475386,20.7373076576983 -159.065818242903,20.7373076576983 -159.065818242903,20.692315306398 -159.020902684154,20.692315306398 -159.020902684154,20.6473229550977 -158.975987125404,20.6473229550977 -158.931071566654,20.6473229550977 -158.931071566654,20.6023306037975 -158.886156007905,20.6023306037975 -158.886156007905,20.5573382524972 -158.841240449155,20.5573382524972 -158.841240449155,20.5123459011969 -158.796324890406,20.5123459011969 -158.751409331656,20.5123459011969 -158.751409331656,20.4673535498966 -158.706493772907,20.4673535498966 -158.706493772907,20.4223611985963 -158.661578214157,20.4223611985963 -158.661578214157,20.3773688472961 -158.616662655408,20.3773688472961 -158.571747096658,20.3773688472961 -158.571747096658,20.3323764959958 -158.526831537908,20.3323764959958 -158.526831537908,20.2873841446955 -158.481915979159,20.2873841446955 -158.481915979159,20.2423917933952 -158.437000420409,20.2423917933952 -158.39208486166,20.2423917933952 -158.39208486166,20.1973994420949 -158.34716930291,20.1973994420949 -158.34716930291,20.1524070907947 -158.302253744161,20.1524070907947 -158.302253744161,20.1074147394944 -158.257338185411,20.1074147394944 -158.212422626662,20.1074147394944 -158.212422626662,20.0624223881941 -158.167507067912,20.0624223881941 -158.167507067912,20.0174300368938 -158.122591509163,20.0174300368938 -158.122591509163,19.9724376855935 -158.077675950413,19.9724376855935 -158.032760391663,19.9724376855935 -158.032760391663,19.9274453342933 -157.987844832914,19.9274453342933 -157.987844832914,19.882452982993 -157.942929274164,19.882452982993 -157.942929274164,19.8374606316927 -157.898013715415,19.8374606316927 -157.853098156665,19.8374606316927 -157.853098156665,19.7924682803924 -157.808182597916,19.7924682803924 -157.808182597916,19.7474759290921 -157.763267039166,19.7474759290921 -157.763267039166,19.7024835777919 -157.718351480417,19.7024835777919 -157.673435921667,19.7024835777919 -157.673435921667,19.6574912264916 -157.628520362917,19.6574912264916 -157.628520362917,19.6124988751913 -157.583604804168,19.6124988751913 -157.538689245418,19.6124988751913 -157.538689245418,19.567506523891 -157.493773686669,19.567506523891 -157.493773686669,19.5225141725908 -157.448858127919,19.5225141725908 -157.448858127919,19.4775218212905 -157.40394256917,19.4775218212905 -157.35902701042,19.4775218212905 -157.35902701042,19.4325294699902 -157.314111451671,19.4325294699902 -157.314111451671,19.3875371186899 -157.269195892921,19.3875371186899 -157.269195892921,19.3425447673896 -157.224280334172,19.3425447673896 -157.179364775422,19.3425447673896 -157.179364775422,19.2975524160894 -157.134449216672,19.2975524160894 -157.134449216672,19.2525600647891 -157.089533657923,19.2525600647891 -157.044618099173,19.2525600647891 -157.044618099173,19.2075677134888 -156.999702540424,19.2075677134888 -156.999702540424,19.1625753621885 -156.954786981674,19.1625753621885 -156.954786981674,19.1175830108882 -156.909871422925,19.1175830108882 -156.864955864175,19.1175830108882 -156.864955864175,19.0275983082877 -156.820040305426,19.0275983082877 -156.775124746676,19.0275983082877 -156.775124746676,18.9826059569874 -156.730209187926,18.9826059569874 -156.730209187926,18.8926212543868 -156.685293629177,18.8926212543868 -156.640378070427,18.8926212543868 -156.640378070427,18.8026365517863 -156.595462511678,18.8026365517863 -156.550546952928,18.8026365517863 -156.550546952928,18.7126518491857 -156.505631394179,18.7126518491857 -156.505631394179,18.6676594978854 -156.460715835429,18.6676594978854 -156.41580027668,18.6676594978854 -156.41580027668,18.5776747952849 -156.37088471793,18.5776747952849 -156.37088471793,18.5326824439846 -156.32596915918,18.5326824439846 -156.281053600431,18.5326824439846 -156.281053600431,18.4426977413841 -156.236138041681,18.4426977413841 -156.191222482932,18.4426977413841 -156.191222482932,18.3527130387835 -156.146306924182,18.3527130387835 -156.101391365433,18.3527130387835 -156.101391365433,18.3077206874832 -156.056475806683,18.3077206874832 -156.056475806683,18.2627283361829 -156.011560247934,18.2627283361829 -155.966644689184,18.2627283361829 -155.966644689184,18.2177359848827 -155.921729130435,18.2177359848827 -155.876813571685,18.2177359848827 -155.876813571685,18.1727436335824 -155.831898012935,18.1727436335824 -155.831898012935,18.1277512822821 -155.786982454186,18.1277512822821 -155.742066895436,18.1277512822821 -155.742066895436,18.0827589309818 -155.697151336687,18.0827589309818 -155.652235777937,18.0827589309818 -155.652235777937,18.0377665796815 -155.607320219188,18.0377665796815 -155.607320219188,17.9927742283813 -155.562404660438,17.9927742283813 -155.517489101689,17.9927742283813 -155.517489101689,17.947781877081 -155.472573542939,17.947781877081 -155.427657984189,17.947781877081 -155.427657984189,17.9027895257807 -155.38274242544,17.9027895257807 -155.38274242544,17.8577971744804 -155.33782686669,17.8577971744804 -155.292911307941,17.8577971744804 -155.292911307941,17.8128048231801 -155.247995749191,17.8128048231801 -155.203080190442,17.8128048231801 -155.203080190442,17.7678124718799 -155.158164631692,17.7678124718799 -155.113249072943,17.7678124718799 -155.113249072943,17.7228201205796 -155.068333514193,17.7228201205796 -155.068333514193,17.6778277692793 -155.023417955444,17.6778277692793 -154.978502396694,17.6778277692793 -154.978502396694,17.632835417979 -154.933586837944,17.632835417979 -154.888671279195,17.632835417979 -154.888671279195,17.5878430666787 -154.798840161696,17.5878430666787 -154.753924602946,17.5878430666787 -154.753924602946,17.5428507153785 -154.664093485447,17.5428507153785 -154.664093485447,17.5878430666787 -154.484431250449,17.5878430666787 -154.484431250449,17.632835417979 -154.3496845742,17.632835417979 -154.3496845742,17.6778277692793 -154.125106780452,17.6778277692793 -154.125106780452,17.7228201205796 -153.720866751707,17.7228201205796 -153.720866751707,17.6778277692793 -153.541204516708,17.6778277692793 -153.496288957959,17.6778277692793 -153.496288957959,17.632835417979 -153.316626722961,17.632835417979 -153.271711164211,17.632835417979 -153.271711164211,17.5878430666787 -153.092048929213,17.5878430666787 -153.047133370463,17.5878430666787 -153.047133370463,17.5428507153785 -152.867471135465,17.5428507153785 -152.822555576716,17.5428507153785 -152.822555576716,17.4978583640782 -152.642893341717,17.4978583640782 -152.597977782968,17.4978583640782 -152.597977782968,17.4528660127779 -152.37339998922,17.4528660127779 -152.32848443047,17.4528660127779 -152.32848443047,17.4078736614776 -152.148822195472,17.4078736614776 -152.103906636723,17.4078736614776 -152.103906636723,17.3628813101774 -151.879328842975,17.3628813101774 -151.834413284225,17.3628813101774 -151.834413284225,17.3178889588771 -151.654751049227,17.3178889588771 -151.609835490478,17.3178889588771 -151.609835490478,17.2728966075768 -151.475088814229,17.2728966075768 -151.430173255479,17.2728966075768 -151.430173255479,17.2279042562765 -151.295426579231,17.2279042562765 -151.250511020481,17.2279042562765 -151.250511020481,17.1829119049762 -151.115764344233,17.1829119049762 -151.070848785483,17.1829119049762 -151.070848785483,17.1379195536759 -150.936102109234,17.1379195536759 -150.891186550485,17.1379195536759 -150.891186550485,17.0929272023757 -150.756439874236,17.0929272023757 -150.711524315487,17.0929272023757 -150.711524315487,17.0479348510754 -150.576777639238,17.0479348510754 -150.531862080488,17.0479348510754 -150.531862080488,17.0029424997751 -150.39711540424,17.0029424997751 -150.35219984549,17.0029424997751 -150.35219984549,16.9579501484748 -150.217453169242,16.9579501484748 -150.172537610492,16.9579501484748 -150.172537610492,16.9129577971746 -150.082706492993,16.9129577971746 -150.037790934243,16.9129577971746 -150.037790934243,16.8679654458743 -149.947959816744,16.8679654458743 -149.903044257995,16.8679654458743 -149.903044257995,16.822973094574 -149.813213140496,16.822973094574 -149.768297581746,16.822973094574 -149.768297581746,16.7779807432737 -149.723382022996,16.7779807432737 -149.678466464247,16.7779807432737 -149.678466464247,16.7329883919734 -149.588635346748,16.7329883919734 -149.543719787998,16.7329883919734 -149.543719787998,16.6879960406732 -149.498804229249,16.6879960406732 -149.453888670499,16.6879960406732 -149.453888670499,16.6430036893729 -149.364057553,16.6430036893729 -149.319141994251,16.6430036893729 -149.319141994251,16.5980113380726 -149.229310876751,16.5980113380726 -149.184395318002,16.5980113380726 -149.184395318002,16.5530189867723 -149.139479759252,16.5530189867723 -149.094564200503,16.5530189867723 -149.094564200503,16.508026635472 -149.004733083004,16.508026635472 -148.959817524254,16.508026635472 -148.959817524254,16.4630342841718 -148.914901965505,16.4630342841718 -148.869986406755,16.4630342841718 -148.869986406755,16.4180419328715 -148.780155289256,16.4180419328715 -148.735239730506,16.4180419328715 -148.735239730506,16.3730495815712 -148.645408613007,16.3730495815712 -148.600493054258,16.3730495815712 -148.600493054258,16.3280572302709 -148.465746378009,16.3280572302709 -148.420830819259,16.3280572302709 -148.420830819259,16.2830648789706 -148.286084143011,16.2830648789706 -148.241168584261,16.2830648789706 -148.241168584261,16.2380725276704 -148.151337466762,16.2380725276704 -148.106421908013,16.2380725276704 -148.106421908013,16.1930801763701 -147.971675231764,16.1930801763701 -147.926759673014,16.1930801763701 -147.926759673014,16.1480878250698 -147.836928555515,16.1480878250698 -147.792012996766,16.1480878250698 -147.792012996766,16.1030954737695 -147.657266320517,16.1030954737695 -147.612350761768,16.1030954737695 -147.612350761768,16.0581031224692 -147.253026291771,16.0581031224692 -147.253026291771,16.1030954737695 -147.118279615523,16.1030954737695 -147.118279615523,16.1480878250698 -147.028448498023,16.1480878250698 -147.028448498023,16.1930801763701 -146.938617380524,16.1930801763701 -146.938617380524,16.2380725276704 -146.893701821775,16.2380725276704 -146.893701821775,16.2830648789706 -146.848786263025,16.2830648789706 -146.848786263025,16.3280572302709 -146.803870704276,16.3280572302709 -146.803870704276,16.3730495815712 -146.758955145526,16.3730495815712 -146.758955145526,16.4180419328715 -146.714039586777,16.4180419328715 -146.714039586777,16.508026635472 -146.669124028027,16.508026635472 -146.669124028027,16.5530189867723 -146.624208469277,16.5530189867723 -146.624208469277,16.6430036893729 -146.579292910528,16.6430036893729 -146.579292910528,16.7779807432737 -146.534377351778,16.7779807432737 -146.534377351778,16.9579501484748 -146.489461793029,16.9579501484748 -146.489461793029,17.2728966075768 -146.534377351778,17.2728966075768 -146.534377351778,17.3628813101774 -146.579292910528,17.3628813101774 -146.579292910528,17.4078736614776 -146.624208469277,17.4078736614776 -146.624208469277,17.4978583640782 -146.669124028027,17.4978583640782 -146.758955145526,17.4978583640782 -146.758955145526,17.5428507153785 -146.803870704276,17.5428507153785 -147.073364056773,17.5428507153785 -147.073364056773,17.5878430666787 -147.118279615523,17.5878430666787 -147.34285740927,17.5878430666787 -147.34285740927,17.632835417979 -147.38777296802,17.632835417979 -147.657266320517,17.632835417979 -147.657266320517,17.6778277692793 -147.702181879267,17.6778277692793 -147.971675231764,17.6778277692793 -147.971675231764,17.7228201205796 -148.016590790514,17.7228201205796 -148.151337466762,17.7228201205796 -148.151337466762,17.7678124718799 -148.196253025512,17.7678124718799 -148.286084143011,17.7678124718799 -148.286084143011,17.8128048231801 -148.33099970176,17.8128048231801 -148.465746378009,17.8128048231801 -148.465746378009,17.8577971744804 -148.510661936759,17.8577971744804 -148.600493054258,17.8577971744804 -148.600493054258,17.9027895257807 -148.645408613007,17.9027895257807 -148.780155289256,17.9027895257807 -148.780155289256,17.947781877081 -148.825070848005,17.947781877081 -148.959817524254,17.947781877081 -148.959817524254,17.9927742283813 -149.004733083004,17.9927742283813 -149.094564200503,17.9927742283813 -149.094564200503,18.0377665796815 -149.139479759252,18.0377665796815 -149.274226435501,18.0377665796815 -149.274226435501,18.0827589309818 -149.319141994251,18.0827589309818 -149.453888670499,18.0827589309818 -149.453888670499,18.1277512822821 -149.498804229249,18.1277512822821 -149.633550905497,18.1277512822821 -149.633550905497,18.1727436335824 -149.678466464247,18.1727436335824 -149.813213140496,18.1727436335824 -149.813213140496,18.2177359848827 -149.858128699245,18.2177359848827 -149.947959816744,18.2177359848827 -149.947959816744,18.2627283361829 -149.992875375494,18.2627283361829 -150.172537610492,18.2627283361829 -150.172537610492,18.3077206874832 -150.217453169242,18.3077206874832 -150.35219984549,18.3077206874832 -150.35219984549,18.3527130387835 -150.39711540424,18.3527130387835 -150.531862080488,18.3527130387835 -150.531862080488,18.3977053900838 -150.576777639238,18.3977053900838 -150.666608756737,18.3977053900838 -150.666608756737,18.4426977413841 -150.711524315487,18.4426977413841 -150.891186550485,18.4426977413841 -150.891186550485,18.4876900926843 -150.936102109234,18.4876900926843 -151.115764344233,18.4876900926843 -151.115764344233,18.5326824439846 -151.160679902982,18.5326824439846 -151.34034213798,18.5326824439846 -151.34034213798,18.5776747952849 -151.38525769673,18.5776747952849 -151.609835490478,18.5776747952849 -151.609835490478,18.6226671465852 -151.654751049227,18.6226671465852 -151.834413284225,18.6226671465852 -151.834413284225,18.6676594978854 -151.879328842975,18.6676594978854 -152.103906636723,18.6676594978854 -152.103906636723,18.7126518491857 -152.37339998922,18.7126518491857 -152.37339998922,18.6676594978854 -153.855613427955,18.6676594978854 -153.855613427955,18.7126518491857 -153.900528986705,18.7126518491857 -154.170022339202,18.7126518491857 -154.170022339202,18.757644200486 -154.214937897952,18.757644200486 -154.439515691699,18.757644200486 -154.439515691699,18.8026365517863 -154.484431250449,18.8026365517863 -154.574262367948,18.8026365517863 -154.574262367948,18.8476289030866 -154.619177926698,18.8476289030866 -154.664093485447,18.8476289030866 -154.664093485447,18.8926212543868 -154.709009044197,18.8926212543868 -154.753924602946,18.8926212543868 -154.753924602946,18.9376136056871 -154.798840161696,18.9376136056871 -154.798840161696,18.9826059569874 -154.843755720445,18.9826059569874 -154.888671279195,18.9826059569874 -154.888671279195,19.0275983082877 -154.933586837944,19.0275983082877 -154.978502396694,19.0275983082877 -154.978502396694,19.072590659588 -155.023417955444,19.072590659588 -155.023417955444,19.1175830108882 -155.068333514193,19.1175830108882 -155.068333514193,19.1625753621885 -155.113249072943,19.1625753621885 -155.113249072943,19.2075677134888 -155.158164631692,19.2075677134888 -155.158164631692,19.2525600647891 -155.203080190442,19.2525600647891 -155.203080190442,19.2975524160894 -155.247995749191,19.2975524160894 -155.247995749191,19.3425447673896 -155.292911307941,19.3425447673896 -155.292911307941,19.3875371186899 -155.33782686669,19.3875371186899 -155.33782686669,19.4325294699902 -155.38274242544,19.4325294699902 -155.38274242544,19.4775218212905 -155.427657984189,19.4775218212905 -155.427657984189,19.5225141725908 -155.472573542939,19.5225141725908 -155.472573542939,19.567506523891 -155.517489101689,19.567506523891 -155.517489101689,19.6124988751913 -155.562404660438,19.6124988751913 -155.562404660438,19.6574912264916 -155.607320219188,19.6574912264916 -155.607320219188,19.7024835777919 -155.652235777937,19.7024835777919 -155.652235777937,19.7474759290921 -155.697151336687,19.7474759290921 -155.697151336687,19.7924682803924 -155.742066895436,19.7924682803924 -155.742066895436,19.8374606316927 -155.786982454186,19.8374606316927 -155.786982454186,19.882452982993 -155.831898012935,19.882452982993 -155.831898012935,19.9274453342933 -155.876813571685,19.9274453342933 -155.921729130435,19.9274453342933 -155.921729130435,19.9724376855935 -155.966644689184,19.9724376855935 -155.966644689184,20.0174300368938 -156.011560247934,20.0174300368938 -156.056475806683,20.0174300368938 -156.056475806683,20.0624223881941 -156.101391365433,20.0624223881941 -156.101391365433,20.1074147394944 -156.146306924182,20.1074147394944 -156.146306924182,20.1524070907947 -156.191222482932,20.1524070907947 -156.236138041681,20.1524070907947 -156.236138041681,20.1973994420949 -156.281053600431,20.1973994420949 -156.281053600431,20.2423917933952 -156.32596915918,20.2423917933952 -156.37088471793,20.2423917933952 -156.37088471793,20.2873841446955 -156.41580027668,20.2873841446955 -156.41580027668,20.3323764959958 -156.460715835429,20.3323764959958 -156.460715835429,20.3773688472961 -156.505631394179,20.3773688472961 -156.550546952928,20.3773688472961 -156.550546952928,20.4223611985963 -156.595462511678,20.4223611985963 -156.595462511678,20.4673535498966 -156.640378070427,20.4673535498966 -156.640378070427,20.5123459011969 -156.685293629177,20.5123459011969 -156.730209187926,20.5123459011969 -156.730209187926,20.5573382524972 -156.775124746676,20.5573382524972 -156.775124746676,20.6023306037975 -156.820040305426,20.6023306037975 -156.820040305426,20.6473229550977 -156.864955864175,20.6473229550977 -156.909871422925,20.6473229550977 -156.909871422925,20.692315306398 -156.954786981674,20.692315306398 -156.999702540424,20.692315306398 -156.999702540424,20.7373076576983 -157.044618099173,20.7373076576983 -157.044618099173,20.7823000089986 -157.089533657923,20.7823000089986 -157.134449216672,20.7823000089986 -157.134449216672,20.8272923602988 -157.179364775422,20.8272923602988 -157.179364775422,20.8722847115991 -157.224280334172,20.8722847115991 -157.269195892921,20.8722847115991 -157.269195892921,20.9172770628994 -157.314111451671,20.9172770628994 -157.35902701042,20.9172770628994 -157.35902701042,20.9622694141997 -157.40394256917,20.9622694141997 -157.448858127919,20.9622694141997 -157.448858127919,21.0072617655 -157.493773686669,21.0072617655 -157.493773686669,21.0522541168002 -157.538689245418,21.0522541168002 -157.583604804168,21.0522541168002 -157.583604804168,21.0972464681005 -157.628520362917,21.0972464681005 -157.628520362917,21.1422388194008 -157.673435921667,21.1422388194008 -157.718351480417,21.1422388194008 -157.718351480417,21.1872311707011 -157.763267039166,21.1872311707011 -157.808182597916,21.1872311707011 -157.808182597916,21.2322235220014 -157.853098156665,21.2322235220014 -157.853098156665,21.2772158733016 -157.898013715415,21.2772158733016 -157.942929274164,21.2772158733016 -157.942929274164,21.3222082246019 -157.987844832914,21.3222082246019 -158.032760391663,21.3222082246019 -158.032760391663,21.3672005759022 -158.077675950413,21.3672005759022 -158.077675950413,21.4121929272025 -158.122591509163,21.4121929272025 -158.167507067912,21.4121929272025 -158.167507067912,21.4571852785028 -158.212422626662,21.4571852785028 -158.257338185411,21.4571852785028 -158.257338185411,21.502177629803 -158.302253744161,21.502177629803 -158.302253744161,21.5471699811033 -158.34716930291,21.5471699811033 -158.39208486166,21.5471699811033 -158.39208486166,21.5921623324036 -158.437000420409,21.5921623324036 -158.526831537908,21.5921623324036 -158.526831537908,21.6371546837039 -161.042102827883,21.6371546837039 -161.042102827883,21.5921623324036 -161.176849504132,21.5921623324036 -161.176849504132,21.5471699811033 -161.311596180381,21.5471699811033 -161.311596180381,21.502177629803 -161.446342856629,21.502177629803 -161.446342856629,21.4571852785028 -161.626005091628,21.4571852785028 -161.626005091628,21.4121929272025 -161.760751767876,21.4121929272025 -161.760751767876,21.3672005759022 -161.895498444125,21.3672005759022 -161.895498444125,21.3222082246019 -162.030245120373,21.3222082246019 -162.030245120373,21.2772158733016 -162.299738472871,21.2772158733016 -162.299738472871,21.2322235220014 -162.703978501617,21.2322235220014 -162.703978501617,21.1872311707011 -163.108218530363,21.1872311707011 -163.108218530363,21.1422388194008 -163.557374117858,21.1422388194008 -163.557374117858,21.0972464681005 -164.006529705354,21.0972464681005 -164.006529705354,21.0522541168002 -164.500600851599,21.0522541168002 -164.500600851599,21.0072617655 -165.309080909091,21.0072617655 -165.309080909091,21.0522541168002 -165.35399646784,21.0522541168002 -165.668405379087,21.0522541168002 -165.668405379087,21.0972464681005 -165.892983172835,21.0972464681005 -165.892983172835,21.0522541168002 -166.297223201581,21.0522541168002 -166.297223201581,21.0072617655 -166.701463230327,21.0072617655 -166.701463230327,20.9622694141997 -167.509943287819,20.9622694141997 -167.509943287819,21.0072617655 -167.554858846568,21.0072617655 -167.599774405318,21.0072617655 -167.599774405318,21.0522541168002 -167.644689964067,21.0522541168002 -167.689605522817,21.0522541168002 -167.689605522817,21.0972464681005 -167.734521081566,21.0972464681005 -167.779436640316,21.0972464681005 -167.779436640316,21.1422388194008 -167.824352199066,21.1422388194008 -167.869267757815,21.1422388194008 -167.869267757815,21.1872311707011 -167.914183316565,21.1872311707011 -167.959098875314,21.1872311707011 -167.959098875314,21.2322235220014 -168.004014434064,21.2322235220014 -168.048929992813,21.2322235220014 -168.048929992813,21.2772158733016 -168.093845551563,21.2772158733016 -168.183676669062,21.2772158733016 -168.183676669062,21.3222082246019 -168.228592227812,21.3222082246019 -168.318423345311,21.3222082246019 -168.318423345311,21.3672005759022 -168.36333890406,21.3672005759022 -168.498085580309,21.3672005759022 -168.498085580309,21.4121929272025 -168.543001139058,21.4121929272025 -168.677747815307,21.4121929272025 -168.677747815307,21.4571852785028 -168.722663374057,21.4571852785028 -168.857410050305,21.4571852785028 -168.857410050305,21.502177629803 -168.902325609055,21.502177629803 -168.992156726554,21.502177629803 -168.992156726554,21.5471699811033 -169.037072285303,21.5471699811033 -169.081987844053,21.5471699811033 -169.081987844053,21.5921623324036 -169.126903402803,21.5921623324036 -169.171818961552,21.5921623324036 -169.171818961552,21.6371546837039 -169.216734520302,21.6371546837039 -169.261650079051,21.6371546837039 -169.261650079051,21.6821470350042 -169.306565637801,21.6821470350042 -169.35148119655,21.6821470350042 -169.35148119655,21.7271393863044 -169.3963967553,21.7271393863044 -169.3963967553,21.7721317376047 -169.441312314049,21.7721317376047 -169.441312314049,21.817124088905 -169.486227872799,21.817124088905 -169.486227872799,21.8621164402053 -169.531143431549,21.8621164402053 -169.531143431549,21.9071087915056 -169.576058990298,21.9071087915056 -169.576058990298,21.9521011428058 -169.620974549048,21.9521011428058 -169.620974549048,21.9970934941061 -169.665890107797,21.9970934941061 -169.665890107797,22.0420858454064 -169.710805666547,22.0420858454064 -169.710805666547,22.0870781967067 -169.755721225296,22.0870781967067 -169.755721225296,22.1320705480069 -169.800636784046,22.1320705480069 -169.800636784046,22.1770628993072 -169.845552342795,22.1770628993072 -169.845552342795,22.2220552506075 -169.890467901545,22.2220552506075 -169.890467901545,22.2670476019078 -169.935383460294,22.2670476019078 -169.935383460294,22.3120399532081 -169.980299019044,22.3120399532081 -169.980299019044,22.4470170071089 -170.025214577794,22.4470170071089 -170.025214577794,22.5370017097095 -170.070130136543,22.5370017097095 -170.070130136543,22.6719787636103 -170.115045695293,22.6719787636103 -170.115045695293,22.8069558175111 -170.159961254042,22.8069558175111 -170.159961254042,22.941932871412 -170.204876812792,22.941932871412 -170.204876812792,23.0319175740125 -170.249792371541,23.0319175740125 -170.249792371541,23.1219022766131 -170.294707930291,23.1219022766131 -170.294707930291,23.2118869792136 -170.33962348904,23.2118869792136 -170.33962348904,23.3018716818142 -170.38453904779,23.3018716818142 -170.38453904779,23.3918563844148 -170.42945460654,23.3918563844148 -170.42945460654,23.4818410870153 -170.474370165289,23.4818410870153 -170.474370165289,23.5718257896159 -170.519285724039,23.5718257896159 -170.519285724039,23.6618104922164 -170.564201282788,23.6618104922164 -170.564201282788,23.7967875461173 -170.609116841538,23.7967875461173 -170.609116841538,23.9767569513184 -170.654032400287,23.9767569513184 -170.654032400287,24.1567263565195 -170.698947959037,24.1567263565195 -170.698947959037,24.3366957617206 -170.743863517786,24.3366957617206 -170.743863517786,24.4266804643212 -170.788779076536,24.4266804643212 -170.788779076536,24.561657518222 -170.833694635285,24.561657518222 -170.833694635285,24.6966345721229 -170.878610194035,24.6966345721229 -170.878610194035,24.7866192747234 -170.923525752785,24.7866192747234 -170.923525752785,24.9215963286243 -170.968441311534,24.9215963286243 -170.968441311534,25.4165121929273 -170.923525752785,25.4165121929273 -170.923525752785,25.5064968955279 -170.878610194035,25.5064968955279 -170.878610194035,25.5964815981284 -170.833694635285,25.5964815981284 -170.833694635285,25.686466300729 -170.788779076536,25.686466300729 -170.788779076536,25.7314586520293 -170.743863517786,25.7314586520293 -170.743863517786,25.8214433546298 -170.698947959037,25.8214433546298 -170.698947959037,25.8664357059301 -170.654032400287,25.8664357059301 -170.654032400287,25.9114280572304 -170.609116841538,25.9114280572304 -170.609116841538,25.9564204085307 -170.564201282788,25.9564204085307 -170.564201282788,26.001412759831 -170.519285724039,26.001412759831 -170.519285724039,26.0464051111312 -170.474370165289,26.0464051111312 -170.474370165289,26.0913974624315 -170.42945460654,26.0913974624315 -170.42945460654,26.1363898137318 -170.38453904779,26.1363898137318 -170.38453904779,26.1813821650321 -170.33962348904,26.1813821650321 -170.33962348904,26.2263745163324 -170.294707930291,26.2263745163324 -170.294707930291,26.2713668676326 -170.249792371541,26.2713668676326 -170.249792371541,26.3613515702332 -170.204876812792,26.3613515702332 -170.204876812792,26.4063439215335 -170.159961254042,26.4063439215335 -170.159961254042,26.4513362728337 -170.115045695293,26.4513362728337 -170.115045695293,26.5413209754343 -170.070130136543,26.5413209754343 -170.070130136543,26.6313056780349 -170.025214577794,26.6313056780349 -170.025214577794,26.6762980293352 -169.980299019044,26.6762980293352 -169.980299019044,26.7662827319357 -169.935383460294,26.7662827319357 -169.935383460294,26.8562674345363 -169.890467901545,26.8562674345363 -169.890467901545,26.9012597858365 -169.845552342795,26.9012597858365 -169.845552342795,26.9912444884371 -169.800636784046,26.9912444884371 -169.800636784046,27.0362368397374 -169.755721225296,27.0362368397374 -169.755721225296,27.1262215423379 -169.710805666547,27.1262215423379 -169.710805666547,27.2162062449385 -169.665890107797,27.2162062449385 -169.665890107797,27.2611985962388 -169.620974549048,27.2611985962388 -169.620974549048,27.3511832988393 -169.576058990298,27.3511832988393 -169.576058990298,27.4411680014399 -169.531143431549,27.4411680014399 -169.531143431549,27.4861603527402 -169.486227872799,27.4861603527402 -169.486227872799,27.5761450553407 -169.441312314049,27.5761450553407 -169.441312314049,27.7111221092416 -169.3963967553,27.7111221092416 -169.3963967553,27.8910915144427 -169.35148119655,27.8910915144427 -169.35148119655,28.1160532709441 -169.306565637801,28.1160532709441 -169.306565637801,28.3410150274455 -169.261650079051,28.3410150274455 -169.261650079051,28.5659767839469 -169.216734520302,28.5659767839469 -169.216734520302,28.7909385404483 -169.171818961552,28.7909385404483 -169.171818961552,29.4208314586522 -169.216734520302,29.4208314586522 -169.216734520302,29.555808512553 -169.261650079051,29.555808512553 -169.261650079051,29.6457932151536 -169.306565637801,29.6457932151536 -169.306565637801,29.7807702690544 -169.35148119655,29.7807702690544 -169.35148119655,29.870754971655 -169.3963967553,29.870754971655 -169.3963967553,30.0057320255558 -169.441312314049,30.0057320255558 -169.441312314049,30.1407090794566 -169.486227872799,30.1407090794566 -169.486227872799,30.2306937820572 -169.531143431549,30.2306937820572 -169.531143431549,30.365670835958 -169.576058990298,30.365670835958 -169.576058990298,30.5006478898589 -169.620974549048,30.5006478898589 -169.620974549048,30.6356249437597 -169.665890107797,30.6356249437597 -169.665890107797,30.7256096463603 -169.710805666547,30.7256096463603 -169.710805666547,30.8155943489608 -169.755721225296,30.8155943489608 -169.755721225296,30.9505714028617 -169.800636784046,30.9505714028617 -169.800636784046,31.0855484567625 -169.845552342795,31.0855484567625 -169.845552342795,31.1755331593631 -169.890467901545,31.1755331593631 -169.890467901545,31.2655178619636 -169.935383460294,31.2655178619636 -169.935383460294,31.3105102132639 -169.980299019044,31.3105102132639 -169.980299019044,31.3555025645642 -170.025214577794,31.3555025645642 -170.025214577794,31.4004949158645 -170.070130136543,31.4004949158645 -170.070130136543,31.4454872671647 -170.115045695293,31.4454872671647 -170.159961254042,31.4454872671647 -170.159961254042,31.490479618465 -170.204876812792,31.490479618465 -170.204876812792,31.5354719697653 -170.249792371541,31.5354719697653 -170.294707930291,31.5354719697653 -170.294707930291,31.5804643210656 -170.33962348904,31.5804643210656 -170.33962348904,31.6254566723659 -170.38453904779,31.6254566723659 -170.474370165289,31.6254566723659 -170.474370165289,31.6704490236661 -170.519285724039,31.6704490236661 -170.609116841538,31.6704490236661 -170.609116841538,31.7154413749664 -170.654032400287,31.7154413749664 -170.788779076536,31.7154413749664 -170.788779076536,31.7604337262667 -170.833694635285,31.7604337262667 -170.968441311534,31.7604337262667 -170.968441311534,31.805426077567 -171.013356870284,31.805426077567 -171.193019105282,31.805426077567 -171.193019105282,31.8504184288673 -171.237934664031,31.8504184288673 -171.237934664031,31.8954107801675 -171.282850222781,31.8954107801675 -171.282850222781,31.9404031314678 -171.327765781531,31.9404031314678 -171.327765781531,31.9853954827681 -171.37268134028,31.9853954827681 -171.37268134028,32.0753801853687 -171.41759689903,32.0753801853687 -171.41759689903,32.1203725366689 -171.462512457779,32.1203725366689 -171.462512457779,32.1653648879692 -171.507428016529,32.1653648879692 -171.507428016529,32.2103572392695 -171.552343575278,32.2103572392695 -171.552343575278,32.2553495905698 -171.597259134028,32.2553495905698 -171.597259134028,32.3003419418701 -171.642174692777,32.3003419418701 -171.687090251527,32.3003419418701 -171.687090251527,32.3453342931703 -171.732005810277,32.3453342931703 -171.732005810277,32.3903266444706 -171.776921369026,32.3903266444706 -171.821836927776,32.3903266444706 -171.821836927776,32.4353189957709 -171.866752486525,32.4353189957709 -171.956583604024,32.4353189957709 -171.956583604024,32.4803113470712 -172.001499162774,32.4803113470712 -172.091330280273,32.4803113470712 -172.091330280273,32.5253036983714 -172.136245839022,32.5253036983714 -172.226076956522,32.5253036983714 -172.226076956522,32.5702960496717 -172.270992515271,32.5702960496717 -172.36082363277,32.5702960496717 -172.36082363277,32.615288400972 -172.40573919152,32.615288400972 -172.495570309019,32.615288400972 -172.495570309019,32.6602807522723 -172.540485867768,32.6602807522723 -172.675232544017,32.6602807522723 -172.675232544017,32.7052731035726 -172.720148102767,32.7052731035726 -172.809979220266,32.7052731035726 -172.809979220266,32.7502654548728 -172.854894779015,32.7502654548728 -172.944725896514,32.7502654548728 -172.944725896514,32.7952578061731 -172.989641455264,32.7952578061731 -173.079472572763,32.7952578061731 -173.079472572763,32.8402501574734 -173.124388131513,32.8402501574734 -173.124388131513,32.8852425087737 -173.169303690262,32.8852425087737 -173.214219249012,32.8852425087737 -173.214219249012,32.930234860074 -173.259134807761,32.930234860074 -173.259134807761,32.9752272113742 -173.304050366511,32.9752272113742 -173.304050366511,33.0202195626745 -173.34896592526,33.0202195626745 -173.34896592526,33.1102042652751 -173.39388148401,33.1102042652751 -173.39388148401,33.2451813191759 -173.438797042759,33.2451813191759 -173.438797042759,33.3351660217765 -173.483712601509,33.3351660217765 -173.483712601509,33.3801583730768 -173.528628160259,33.3801583730768 -173.528628160259,33.4701430756773 -173.573543719008,33.4701430756773 -173.573543719008,33.5601277782779 -173.618459277758,33.5601277782779 -173.618459277758,33.6051201295781 -173.663374836507,33.6051201295781 -173.663374836507,33.6501124808784 -173.708290395257,33.6501124808784 -173.708290395257,33.6951048321787 -173.753205954006,33.6951048321787 -173.798121512756,33.6951048321787 -173.798121512756,33.740097183479 -173.843037071505,33.740097183479 -173.932868189005,33.740097183479 -173.932868189005,33.7850895347793 -173.977783747754,33.7850895347793 -174.022699306504,33.7850895347793 -174.022699306504,33.8300818860795 -174.067614865253,33.8300818860795 -174.112530424003,33.8300818860795 -174.112530424003,33.8750742373798 -174.157445982752,33.8750742373798 -174.157445982752,33.9200665886801 -174.202361541502,33.9200665886801 -174.202361541502,34.0100512912807 -174.247277100251,34.0100512912807 -174.247277100251,34.1000359938812 -174.292192659001,34.1000359938812 -174.292192659001,34.1450283451815 -174.33710821775,34.1450283451815 -174.33710821775,34.1900206964818 -174.3820237765,34.1900206964818 -174.3820237765,34.2350130477821 -174.42693933525,34.2350130477821 -174.42693933525,34.2800053990823 -174.471854893999,34.2800053990823 -174.516770452749,34.2800053990823 -174.516770452749,34.3249977503826 -174.561686011498,34.3249977503826 -174.606601570248,34.3249977503826 -174.606601570248,34.3699901016829 -174.651517128997,34.3699901016829 -174.741348246496,34.3699901016829 -174.741348246496,34.4149824529832 -174.786263805246,34.4149824529832 -174.921010481495,34.4149824529832 -174.921010481495,34.4599748042835 -174.965926040244,34.4599748042835 -175.010841598994,34.4599748042835 -175.010841598994,34.5049671555837 -175.055757157743,34.5049671555837 -175.055757157743,34.549959506884 -175.100672716493,34.549959506884 -175.100672716493,34.5949518581843 -175.145588275242,34.5949518581843 -175.145588275242,34.6399442094846 -175.190503833992,34.6399442094846 -175.190503833992,34.6849365607848 -175.235419392742,34.6849365607848 -175.235419392742,34.7299289120851 -175.280334951491,34.7299289120851 -175.280334951491,34.7749212633854 -175.325250510241,34.7749212633854 -175.325250510241,34.8199136146857 -175.37016606899,34.8199136146857 -175.37016606899,34.864905965986 -176.043899450233,34.864905965986 -176.043899450233,34.8199136146857 -176.268477243981,34.8199136146857 -176.268477243981,34.7749212633854 -176.223561685232,34.7749212633854 -176.223561685232,34.7299289120851 -176.178646126482,34.7299289120851 -176.133730567733,34.7299289120851 -176.133730567733,34.6849365607848 -176.088815008983,34.6849365607848 -176.043899450233,34.6849365607848 -176.043899450233,34.6399442094846 -175.998983891484,34.6399442094846 -175.954068332734,34.6399442094846 -175.954068332734,34.5949518581843 -175.909152773985,34.5949518581843 -175.864237215235,34.5949518581843 -175.864237215235,34.549959506884 -175.819321656486,34.549959506884 -175.774406097736,34.549959506884 -175.774406097736,34.5049671555837 -175.729490538987,34.5049671555837 -175.729490538987,34.4599748042835 -175.684574980237,34.4599748042835 -175.684574980237,34.4149824529832 -175.639659421487,34.4149824529832 -175.639659421487,34.3699901016829 -175.594743862738,34.3699901016829 -175.594743862738,34.3249977503826 -175.639659421487,34.3249977503826 -175.639659421487,34.2800053990823 -175.729490538987,34.2800053990823 -175.729490538987,34.2350130477821 -175.774406097736,34.2350130477821 -175.774406097736,34.1900206964818 -175.819321656486,34.1900206964818 -175.819321656486,34.1000359938812 -175.864237215235,34.1000359938812 -175.864237215235,34.0100512912807 -175.909152773985,34.0100512912807 -175.909152773985,33.6501124808784 -175.864237215235,33.6501124808784 -175.864237215235,33.5601277782779 -175.819321656486,33.5601277782779 -175.819321656486,33.4701430756773 -175.774406097736,33.4701430756773 -175.774406097736,33.425150724377 -175.729490538987,33.425150724377 -175.729490538987,33.3801583730768 -175.684574980237,33.3801583730768 -175.684574980237,33.3351660217765 -175.639659421487,33.3351660217765 -175.594743862738,33.3351660217765 -175.594743862738,33.2901736704762 -175.549828303988,33.2901736704762 -175.504912745239,33.2901736704762 -175.504912745239,33.2451813191759 -175.459997186489,33.2451813191759 -175.459997186489,33.2001889678756 -175.41508162774,33.2001889678756 -175.41508162774,33.1551966165754 -175.37016606899,33.1551966165754 -175.325250510241,33.1551966165754 -175.325250510241,33.1102042652751 -175.280334951491,33.1102042652751 -175.235419392742,33.1102042652751 -175.235419392742,33.0652119139748 -175.190503833992,33.0652119139748 -175.190503833992,32.3903266444706 -175.145588275242,32.3903266444706 -175.145588275242,32.2103572392695 -175.100672716493,32.2103572392695 -175.100672716493,32.1653648879692 -175.055757157743,32.1653648879692 -175.055757157743,32.0753801853687 -175.010841598994,32.0753801853687 -175.010841598994,32.0303878340684 -174.965926040244,32.0303878340684 -174.965926040244,31.9853954827681 -174.921010481495,31.9853954827681 -174.921010481495,31.9404031314678 -174.876094922745,31.9404031314678 -174.876094922745,31.8954107801675 -174.831179363996,31.8954107801675 -174.786263805246,31.8954107801675 -174.786263805246,31.8504184288673 -174.741348246496,31.8504184288673 -174.696432687747,31.8504184288673 -174.696432687747,31.805426077567 -174.651517128997,31.805426077567 -174.651517128997,31.7604337262667 -174.606601570248,31.7604337262667 -174.561686011498,31.7604337262667 -174.561686011498,31.7154413749664 -174.471854893999,31.7154413749664 -174.42693933525,31.7154413749664 -174.42693933525,31.6704490236661 -174.3820237765,31.6704490236661 -174.3820237765,31.6254566723659 -174.33710821775,31.6254566723659 -174.292192659001,31.6254566723659 -174.292192659001,31.5804643210656 -174.202361541502,31.5804643210656 -174.157445982752,31.5804643210656 -174.157445982752,31.5354719697653 -174.112530424003,31.5354719697653 -174.112530424003,31.490479618465 -174.067614865253,31.490479618465 -174.022699306504,31.490479618465 -174.022699306504,31.4004949158645 -173.977783747754,31.4004949158645 -173.977783747754,31.3555025645642 -174.022699306504,31.3555025645642 -174.022699306504,30.7256096463603 -173.977783747754,30.7256096463603 -173.977783747754,30.5906325924594 -173.932868189005,30.5906325924594 -173.932868189005,30.4556555385586 -173.887952630255,30.4556555385586 -173.887952630255,30.3206784846578 -173.843037071505,30.3206784846578 -173.843037071505,30.2756861333575 -173.798121512756,30.2756861333575 -173.798121512756,30.1407090794566 -173.753205954006,30.1407090794566 -173.753205954006,30.0057320255558 -173.708290395257,30.0057320255558 -173.708290395257,29.9157473229553 -173.663374836507,29.9157473229553 -173.663374836507,29.8257626203547 -173.618459277758,29.8257626203547 -173.618459277758,29.7357779177541 -173.573543719008,29.7357779177541 -173.573543719008,29.6907855664539 -173.528628160259,29.6907855664539 -173.528628160259,29.6008008638533 -173.483712601509,29.6008008638533 -173.483712601509,29.555808512553 -173.438797042759,29.555808512553 -173.438797042759,29.5108161612527 -173.39388148401,29.5108161612527 -173.39388148401,29.4658238099525 -173.34896592526,29.4658238099525 -173.34896592526,29.4208314586522 -173.304050366511,29.4208314586522 -173.259134807761,29.4208314586522 -173.259134807761,29.3758391073519 -173.214219249012,29.3758391073519 -173.214219249012,29.3308467560516 -173.169303690262,29.3308467560516 -173.169303690262,29.2858544047513 -173.124388131513,29.2858544047513 -173.079472572763,29.2858544047513 -173.079472572763,29.2408620534511 -172.989641455264,29.2408620534511 -172.944725896514,29.2408620534511 -172.944725896514,29.1958697021508 -172.899810337765,29.1958697021508 -172.854894779015,29.1958697021508 -172.854894779015,29.1508773508505 -172.720148102767,29.1508773508505 -172.675232544017,29.1508773508505 -172.675232544017,29.1058849995502 -172.495570309019,29.1058849995502 -172.450654750269,29.1058849995502 -172.450654750269,29.0608926482499 -172.181161397772,29.0608926482499 -172.136245839022,29.0608926482499 -172.136245839022,29.0159002969497 -172.091330280273,29.0159002969497 -172.046414721523,29.0159002969497 -172.046414721523,28.9709079456494 -172.001499162774,28.9709079456494 -172.001499162774,28.9259155943491 -171.956583604024,28.9259155943491 -171.956583604024,28.8809232430488 -171.911668045275,28.8809232430488 -171.866752486525,28.8809232430488 -171.866752486525,28.8359308917486 -171.821836927776,28.8359308917486 -171.821836927776,28.5659767839469 -171.866752486525,28.5659767839469 -171.866752486525,28.430999730046 -171.911668045275,28.430999730046 -171.911668045275,28.3410150274455 -171.956583604024,28.3410150274455 -171.956583604024,28.2510303248449 -172.001499162774,28.2510303248449 -172.001499162774,28.2060379735446 -172.046414721523,28.2060379735446 -172.046414721523,28.1160532709441 -172.091330280273,28.1160532709441 -172.091330280273,28.0260685683435 -172.136245839022,28.0260685683435 -172.136245839022,27.9810762170432 -172.181161397772,27.9810762170432 -172.181161397772,27.8910915144427 -172.226076956522,27.8910915144427 -172.226076956522,27.8011068118421 -172.270992515271,27.8011068118421 -172.270992515271,27.7561144605419 -172.315908074021,27.7561144605419 -172.315908074021,27.6661297579413 -172.36082363277,27.6661297579413 -172.36082363277,27.5761450553407 -172.40573919152,27.5761450553407 -172.40573919152,27.5311527040405 -172.450654750269,27.5311527040405 -172.450654750269,27.4411680014399 -172.495570309019,27.4411680014399 -172.495570309019,27.3961756501396 -172.540485867768,27.3961756501396 -172.540485867768,27.3061909475391 -172.585401426518,27.3061909475391 -172.585401426518,27.2611985962388 -172.630316985268,27.2611985962388 -172.630316985268,27.1712138936382 -172.675232544017,27.1712138936382 -172.675232544017,27.1262215423379 -172.720148102767,27.1262215423379 -172.720148102767,27.0362368397374 -172.765063661516,27.0362368397374 -172.765063661516,26.9912444884371 -172.809979220266,26.9912444884371 -172.809979220266,26.9012597858365 -172.854894779015,26.9012597858365 -172.854894779015,26.8562674345363 -172.899810337765,26.8562674345363 -172.899810337765,26.7662827319357 -172.944725896514,26.7662827319357 -172.944725896514,26.6762980293352 -172.989641455264,26.6762980293352 -172.989641455264,26.5863133267346 -173.034557014014,26.5863133267346 -173.034557014014,26.496328624134 -173.079472572763,26.496328624134 -173.079472572763,26.3613515702332 -173.124388131513,26.3613515702332 -173.124388131513,26.2713668676326 -173.169303690262,26.2713668676326 -173.169303690262,26.1813821650321 -173.214219249012,26.1813821650321 -173.214219249012,26.0464051111312 -173.259134807761,26.0464051111312 -173.259134807761,25.9564204085307 -173.304050366511,25.9564204085307 -173.304050366511,25.8214433546298 -173.34896592526,25.8214433546298 -173.34896592526,25.5964815981284 -173.39388148401,25.5964815981284 -173.39388148401,25.2365427877262 -173.438797042759,25.2365427877262 -173.438797042759,24.8316116260237 -173.483712601509,24.8316116260237 -173.483712601509,24.6066498695223 -173.438797042759,24.6066498695223 -173.438797042759,24.4266804643212 -173.39388148401,24.4266804643212 -173.39388148401,24.2917034104203 -173.34896592526,24.2917034104203 -173.34896592526,24.1567263565195 -173.304050366511,24.1567263565195 -173.304050366511,24.066741653919 -173.259134807761,24.066741653919 -173.259134807761,23.9767569513184 -173.214219249012,23.9767569513184 -173.214219249012,23.8417798974176 -173.169303690262,23.8417798974176 -173.169303690262,23.7068028435167 -173.124388131513,23.7068028435167 -173.124388131513,23.5718257896159 -173.079472572763,23.5718257896159 -173.079472572763,23.436848735715 -173.034557014014,23.436848735715 -173.034557014014,23.2568793305139 -172.989641455264,23.2568793305139 -172.989641455264,23.1219022766131 -172.944725896514,23.1219022766131 -172.944725896514,22.9869252227123 -172.899810337765,22.9869252227123 -172.899810337765,22.8519481688114 -172.854894779015,22.8519481688114 -172.854894779015,22.7619634662109 -172.809979220266,22.7619634662109 -172.809979220266,22.6719787636103 -172.765063661516,22.6719787636103 -172.765063661516,22.62698641231 -172.720148102767,22.62698641231 -172.720148102767,22.5819940610097 -172.675232544017,22.5819940610097 -172.675232544017,22.5370017097095 -172.630316985268,22.5370017097095 -172.630316985268,22.4920093584092 -172.585401426518,22.4920093584092 -172.585401426518,22.4470170071089 -172.540485867768,22.4470170071089 -172.540485867768,22.4020246558086 -172.495570309019,22.4020246558086 -172.495570309019,22.3570323045083 -172.450654750269,22.3570323045083 -172.450654750269,22.3120399532081 -172.40573919152,22.3120399532081 -172.40573919152,22.2670476019078 -172.36082363277,22.2670476019078 -172.36082363277,22.2220552506075 -172.315908074021,22.2220552506075 -172.315908074021,22.1770628993072 -172.270992515271,22.1770628993072 -172.270992515271,22.1320705480069 -172.226076956522,22.1320705480069 -172.226076956522,22.0870781967067 -172.181161397772,22.0870781967067 -172.181161397772,22.0420858454064 -172.136245839022,22.0420858454064 -172.136245839022,21.9970934941061 -172.091330280273,21.9970934941061 -172.091330280273,21.9521011428058 -172.046414721523,21.9521011428058 -172.046414721523,21.9071087915056 -172.001499162774,21.9071087915056 -171.956583604024,21.9071087915056 -171.956583604024,21.8621164402053 -171.911668045275,21.8621164402053 -171.911668045275,21.817124088905 -171.866752486525,21.817124088905 -171.866752486525,21.7721317376047 -171.821836927776,21.7721317376047 -171.821836927776,21.7271393863044 -171.776921369026,21.7271393863044 -171.776921369026,21.6821470350042 -171.732005810277,21.6821470350042 -171.732005810277,21.6371546837039 -171.687090251527,21.6371546837039 -171.642174692777,21.6371546837039 -171.642174692777,21.5921623324036 -171.552343575278,21.5921623324036 -171.507428016529,21.5921623324036 -171.507428016529,21.5471699811033 -171.462512457779,21.5471699811033 -171.41759689903,21.5471699811033 -171.41759689903,21.502177629803 -171.37268134028,21.502177629803 -171.327765781531,21.502177629803 -171.327765781531,21.4571852785028 -171.237934664031,21.4571852785028 -171.193019105282,21.4571852785028 -171.193019105282,21.4121929272025 -171.103187987783,21.4121929272025 -171.058272429033,21.4121929272025 -171.058272429033,21.3672005759022 -171.013356870284,21.3672005759022 -171.013356870284,21.3222082246019 -170.968441311534,21.3222082246019 -170.968441311534,21.2772158733016 -170.923525752785,21.2772158733016 -170.923525752785,21.2322235220014 -170.878610194035,21.2322235220014 -170.833694635285,21.2322235220014 -170.833694635285,21.1422388194008 -170.788779076536,21.1422388194008 -170.788779076536,21.0972464681005 -170.743863517786,21.0972464681005 -170.698947959037,21.0972464681005 -170.698947959037,21.0072617655 -170.654032400287,21.0072617655 -170.609116841538,21.0072617655 -170.609116841538,20.9172770628994 -170.564201282788,20.9172770628994 -170.564201282788,20.8722847115991 -170.519285724039,20.8722847115991 -170.519285724039,20.8272923602988 -170.474370165289,20.8272923602988 -170.474370165289,20.7823000089986</coordinates></LinearRing></innerBoundaryIs></Polygon></Placemark>
</Folder></Document></kml>
