<?xml version="1.0" encoding="utf-8" ?>
<kml xmlns="http://www.opengis.net/kml/2.2">
<Document id="root_doc">
<Schema name="wh" id="wh">
        <SimpleField name="Name" type="string"></SimpleField>
        <SimpleField name="Description" type="string"></SimpleField>
</Schema>

<Folder><name>wh</name>

  <Placemark><name>64</name><Style><LineStyle><color>FF000000</color></LineStyle><PolyStyle><fill>1</fill><color>3c143C82</color></PolyStyle></Style>
        <Polygon><outerBoundaryIs><LinearRing><coordinates>-161.693019105282,12.5380725276703 -161.693019105282,12.5830648789706 -161.737934664031,12.5830648789706 -162.007428016529,12.5830648789706 -162.007428016529,12.6280572302709 -162.052343575278,12.6280572302709 -162.276921369026,12.6280572302709 -162.276921369026,12.6730495815711 -162.321836927776,12.6730495815711 -162.546414721523,12.6730495815711 -162.546414721523,12.7180419328714 -162.591330280273,12.7180419328714 -162.815908074021,12.7180419328714 -162.815908074021,12.7630342841717 -162.86082363277,12.7630342841717 -163.085401426518,12.7630342841717 -163.085401426518,12.808026635472 -163.130316985268,12.808026635472 -163.175232544017,12.808026635472 -163.175232544017,12.8530189867723 -163.220148102767,12.8530189867723 -163.265063661516,12.8530189867723 -163.265063661516,12.8980113380725 -163.309979220266,12.8980113380725 -163.354894779015,12.8980113380725 -163.354894779015,12.9430036893728 -163.399810337765,12.9430036893728 -163.399810337765,12.9879960406731 -163.444725896514,12.9879960406731 -163.489641455264,12.9879960406731 -163.489641455264,13.0329883919734 -163.534557014014,13.0329883919734 -163.534557014014,13.0779807432737 -163.579472572763,13.0779807432737 -163.579472572763,13.1229730945739 -163.624388131513,13.1229730945739 -163.669303690262,13.1229730945739 -163.669303690262,13.2129577971745 -163.714219249012,13.2129577971745 -163.714219249012,13.2579501484748 -163.759134807761,13.2579501484748 -163.759134807761,13.3029424997751 -163.804050366511,13.3029424997751 -163.804050366511,13.3479348510753 -163.84896592526,13.3479348510753 -163.84896592526,13.4379195536759 -163.89388148401,13.4379195536759 -163.89388148401,13.4829119049762 -163.938797042759,13.4829119049762 -163.938797042759,13.5279042562764 -163.983712601509,13.5279042562764 -163.983712601509,13.5728966075767 -164.028628160259,13.5728966075767 -164.028628160259,13.6628813101773 -164.073543719008,13.6628813101773 -164.073543719008,13.7078736614776 -164.118459277758,13.7078736614776 -164.118459277758,13.7528660127778 -164.163374836507,13.7528660127778 -164.163374836507,13.8428507153784 -164.208290395257,13.8428507153784 -164.208290395257,13.8878430666787 -164.253205954006,13.8878430666787 -164.253205954006,13.932835417979 -164.298121512756,13.932835417979 -164.298121512756,13.9778277692792 -164.343037071505,13.9778277692792 -164.343037071505,14.0678124718798 -164.387952630255,14.0678124718798 -164.387952630255,14.1128048231801 -164.432868189005,14.1128048231801 -164.432868189005,14.2477818770809 -164.477783747754,14.2477818770809 -164.477783747754,14.3827589309817 -164.522699306504,14.3827589309817 -164.522699306504,14.9676594978854 -164.477783747754,14.9676594978854 -164.477783747754,15.2376136056871 -164.432868189005,15.2376136056871 -164.432868189005,15.5075677134887 -164.387952630255,15.5075677134887 -164.387952630255,15.7325294699901 -164.343037071505,15.7325294699901 -164.343037071505,15.8225141725907 -164.298121512756,15.8225141725907 -164.298121512756,15.9574912264915 -164.253205954006,15.9574912264915 -164.253205954006,16.0474759290921 -164.208290395257,16.0474759290921 -164.208290395257,16.1824529829929 -164.163374836507,16.1824529829929 -164.163374836507,16.2724376855935 -164.118459277758,16.2724376855935 -164.118459277758,16.4074147394943 -164.073543719008,16.4074147394943 -164.073543719008,16.4973994420949 -164.028628160259,16.4973994420949 -164.028628160259,16.5873841446954 -163.983712601509,16.5873841446954 -163.983712601509,16.6323764959957 -163.938797042759,16.6323764959957 -163.938797042759,16.7223611985963 -163.89388148401,16.7223611985963 -163.89388148401,16.8123459011968 -163.84896592526,16.8123459011968 -163.84896592526,16.9023306037974 -163.804050366511,16.9023306037974 -163.804050366511,16.9473229550977 -163.759134807761,16.9473229550977 -163.759134807761,17.0373076576982 -163.714219249012,17.0373076576982 -163.714219249012,17.1272923602988 -163.669303690262,17.1272923602988 -163.669303690262,17.2172770628993 -163.624388131513,17.2172770628993 -163.624388131513,17.2622694141996 -163.579472572763,17.2622694141996 -163.579472572763,17.3522541168002 -163.534557014014,17.3522541168002 -163.534557014014,17.4422388194007 -163.489641455264,17.4422388194007 -163.489641455264,17.487231170701 -163.444725896514,17.487231170701 -163.444725896514,17.5772158733016 -163.399810337765,17.5772158733016 -163.399810337765,17.6222082246018 -163.354894779015,17.6222082246018 -163.354894779015,17.7121929272024 -163.309979220266,17.7121929272024 -163.309979220266,17.7571852785027 -163.265063661516,17.7571852785027 -163.265063661516,17.8471699811032 -163.220148102767,17.8471699811032 -163.220148102767,17.8921623324035 -163.175232544017,17.8921623324035 -163.175232544017,17.9371546837038 -163.130316985268,17.9371546837038 -163.130316985268,18.0271393863043 -163.085401426518,18.0271393863043 -163.085401426518,18.0721317376046 -163.040485867768,18.0721317376046 -163.040485867768,18.1621164402052 -162.995570309019,18.1621164402052 -162.995570309019,18.2071087915055 -162.950654750269,18.2071087915055 -162.950654750269,18.297093494106 -162.90573919152,18.297093494106 -162.90573919152,18.3420858454063 -162.86082363277,18.3420858454063 -162.86082363277,18.3870781967066 -162.815908074021,18.3870781967066 -162.815908074021,18.4770628993071 -162.770992515271,18.4770628993071 -162.770992515271,18.612039953208 -162.726076956522,18.612039953208 -162.726076956522,18.7020246558085 -162.681161397772,18.7020246558085 -162.681161397772,18.7920093584091 -162.636245839022,18.7920093584091 -162.636245839022,18.8819940610096 -162.591330280273,18.8819940610096 -162.591330280273,18.9719787636102 -162.546414721523,18.9719787636102 -162.546414721523,19.0619634662108 -162.501499162774,19.0619634662108 -162.501499162774,19.1519481688113 -162.456583604024,19.1519481688113 -162.456583604024,19.2869252227122 -162.411668045275,19.2869252227122 -162.411668045275,19.3769099253127 -162.366752486525,19.3769099253127 -162.366752486525,19.4668946279133 -162.321836927776,19.4668946279133 -162.321836927776,19.5568793305138 -162.276921369026,19.5568793305138 -162.276921369026,19.6468640331144 -162.232005810277,19.6468640331144 -162.232005810277,19.7818410870152 -162.187090251527,19.7818410870152 -162.187090251527,19.8718257896158 -162.142174692777,19.8718257896158 -162.142174692777,20.0517951948169 -162.097259134028,20.0517951948169 -162.097259134028,20.1867722487177 -162.052343575278,20.1867722487177 -162.052343575278,20.3217493026186 -162.007428016529,20.3217493026186 -162.007428016529,20.5017187078197 -161.962512457779,20.5017187078197 -161.962512457779,20.6366957617205 -161.91759689903,20.6366957617205 -161.91759689903,20.8166651669216 -161.87268134028,20.8166651669216 -161.87268134028,20.9516422208225 -161.827765781531,20.9516422208225 -161.827765781531,21.0866192747233 -161.782850222781,21.0866192747233 -161.782850222781,21.2665886799244 -161.737934664031,21.2665886799244 -161.737934664031,21.4015657338253 -161.693019105282,21.4015657338253 -161.693019105282,21.7165121929272 -161.648103546532,21.7165121929272 -161.648103546532,22.1214433546297 -161.603187987783,22.1214433546297 -161.603187987783,22.481382165032 -161.558272429033,22.481382165032 -161.558272429033,22.7963286241339 -161.513356870284,22.7963286241339 -161.513356870284,23.2012597858364 -161.468441311534,23.2012597858364 -161.468441311534,23.8311527040403 -161.423525752785,23.8311527040403 -161.423525752785,24.3710609196437 -161.378610194035,24.3710609196437 -161.378610194035,24.8659767839468 -161.333694635285,24.8659767839468 -161.333694635285,24.9559614865473 -161.288779076536,24.9559614865473 -161.288779076536,25.0459461891479 -161.243863517786,25.0459461891479 -161.243863517786,25.1359308917484 -161.198947959037,25.1359308917484 -161.198947959037,25.1809232430487 -161.154032400287,25.1809232430487 -161.154032400287,25.2709079456493 -161.109116841538,25.2709079456493 -161.109116841538,25.3608926482498 -161.064201282788,25.3608926482498 -161.064201282788,25.4508773508504 -161.019285724039,25.4508773508504 -161.019285724039,25.4958697021507 -160.974370165289,25.4958697021507 -160.974370165289,25.5858544047512 -160.92945460654,25.5858544047512 -160.92945460654,25.6758391073518 -160.794707930291,25.6758391073518 -160.794707930291,25.6308467560515 -160.749792371541,25.6308467560515 -160.704876812792,25.6308467560515 -160.704876812792,25.5858544047512 -160.659961254042,25.5858544047512 -160.659961254042,25.5408620534509 -160.615045695293,25.5408620534509 -160.615045695293,25.4958697021507 -160.570130136543,25.4958697021507 -160.525214577794,25.4958697021507 -160.525214577794,25.4508773508504 -160.480299019044,25.4508773508504 -160.480299019044,25.4058849995501 -160.435383460294,25.4058849995501 -160.435383460294,25.3608926482498 -160.390467901545,25.3608926482498 -160.345552342795,25.3608926482498 -160.345552342795,25.3159002969495 -160.300636784046,25.3159002969495 -160.300636784046,25.2709079456493 -160.255721225296,25.2709079456493 -160.210805666547,25.2709079456493 -160.210805666547,25.225915594349 -160.165890107797,25.225915594349 -160.165890107797,25.1809232430487 -160.120974549048,25.1809232430487 -160.120974549048,25.1359308917484 -160.076058990298,25.1359308917484 -160.031143431549,25.1359308917484 -160.031143431549,25.0909385404482 -159.986227872799,25.0909385404482 -159.986227872799,25.0009538378476 -159.941312314049,25.0009538378476 -159.941312314049,24.910969135247 -159.8963967553,24.910969135247 -159.8963967553,24.8209844326465 -159.85148119655,24.8209844326465 -159.85148119655,24.5060379735445 -159.806565637801,24.5060379735445 -159.806565637801,24.1910915144426 -159.761650079051,24.1910915144426 -159.761650079051,23.8311527040403 -159.716734520302,23.8311527040403 -159.716734520302,23.5162062449384 -159.671818961552,23.5162062449384 -159.671818961552,23.2012597858364 -159.626903402803,23.2012597858364 -159.626903402803,22.976298029335 -159.671818961552,22.976298029335 -159.671818961552,22.481382165032 -159.716734520302,22.481382165032 -159.716734520302,21.9864663007289 -159.761650079051,21.9864663007289 -159.761650079051,21.5365427877261 -159.806565637801,21.5365427877261 -159.806565637801,21.041626923423 -159.85148119655,21.041626923423 -159.85148119655,20.9066498695222 -159.8963967553,20.9066498695222 -159.8963967553,20.7716728156214 -159.941312314049,20.7716728156214 -159.941312314049,20.6366957617205 -159.986227872799,20.6366957617205 -159.986227872799,20.54671105912 -160.031143431549,20.54671105912 -160.031143431549,20.4117340052191 -160.076058990298,20.4117340052191 -160.076058990298,20.2767569513183 -160.120974549048,20.2767569513183 -160.120974549048,20.1867722487177 -160.165890107797,20.1867722487177 -160.165890107797,20.0517951948169 -160.210805666547,20.0517951948169 -160.210805666547,19.9618104922163 -160.255721225296,19.9618104922163 -160.255721225296,19.8268334383155 -160.300636784046,19.8268334383155 -160.300636784046,19.6918563844147 -160.345552342795,19.6918563844147 -160.345552342795,19.5568793305138 -160.390467901545,19.5568793305138 -160.390467901545,19.4668946279133 -160.435383460294,19.4668946279133 -160.435383460294,19.3319175740124 -160.480299019044,19.3319175740124 -160.480299019044,19.2419328714119 -160.525214577794,19.2419328714119 -160.525214577794,19.106955817511 -160.570130136543,19.106955817511 -160.570130136543,19.0169711149105 -160.615045695293,19.0169711149105 -160.615045695293,18.9269864123099 -160.659961254042,18.9269864123099 -160.659961254042,18.7920093584091 -160.704876812792,18.7920093584091 -160.704876812792,18.7020246558085 -160.749792371541,18.7020246558085 -160.749792371541,18.612039953208 -160.794707930291,18.612039953208 -160.794707930291,18.5220552506074 -160.83962348904,18.5220552506074 -160.83962348904,18.4320705480069 -160.88453904779,18.4320705480069 -160.88453904779,18.3420858454063 -160.92945460654,18.3420858454063 -160.92945460654,18.2521011428057 -160.974370165289,18.2521011428057 -160.974370165289,18.1621164402052 -161.019285724039,18.1621164402052 -161.019285724039,18.0721317376046 -161.064201282788,18.0721317376046 -161.064201282788,17.9371546837038 -161.109116841538,17.9371546837038 -161.109116841538,17.8471699811032 -161.154032400287,17.8471699811032 -161.154032400287,17.7571852785027 -161.198947959037,17.7571852785027 -161.198947959037,17.6672005759021 -161.243863517786,17.6672005759021 -161.243863517786,17.5772158733016 -161.288779076536,17.5772158733016 -161.288779076536,17.487231170701 -161.333694635285,17.487231170701 -161.333694635285,17.4422388194007 -161.378610194035,17.4422388194007 -161.378610194035,17.3522541168002 -161.423525752785,17.3522541168002 -161.423525752785,17.3072617654999 -161.468441311534,17.3072617654999 -161.468441311534,17.2622694141996 -161.513356870284,17.2622694141996 -161.513356870284,17.2172770628993 -161.558272429033,17.2172770628993 -161.558272429033,17.172284711599 -161.603187987783,17.172284711599 -161.603187987783,17.1272923602988 -161.648103546532,17.1272923602988 -161.648103546532,17.0823000089985 -161.693019105282,17.0823000089985 -161.693019105282,17.0373076576982 -161.737934664031,17.0373076576982 -161.737934664031,16.9923153063979 -161.782850222781,16.9923153063979 -161.782850222781,16.9473229550977 -161.827765781531,16.9473229550977 -161.827765781531,16.9023306037974 -161.87268134028,16.9023306037974 -161.87268134028,16.8573382524971 -161.91759689903,16.8573382524971 -161.91759689903,16.7673535498965 -161.962512457779,16.7673535498965 -161.962512457779,16.7223611985963 -162.007428016529,16.7223611985963 -162.007428016529,16.677368847296 -162.052343575278,16.677368847296 -162.052343575278,16.6323764959957 -162.097259134028,16.6323764959957 -162.097259134028,16.5873841446954 -162.142174692777,16.5873841446954 -162.142174692777,16.5423917933951 -162.187090251527,16.5423917933951 -162.187090251527,16.4524070907946 -162.232005810277,16.4524070907946 -162.232005810277,16.362422388194 -162.276921369026,16.362422388194 -162.276921369026,16.3174300368937 -162.321836927776,16.3174300368937 -162.321836927776,16.2274453342932 -162.366752486525,16.2274453342932 -162.366752486525,16.1374606316926 -162.411668045275,16.1374606316926 -162.411668045275,16.0474759290921 -162.456583604024,16.0474759290921 -162.456583604024,16.0024835777918 -162.501499162774,16.0024835777918 -162.501499162774,15.9124988751912 -162.546414721523,15.9124988751912 -162.546414721523,15.8225141725907 -162.591330280273,15.8225141725907 -162.591330280273,15.7325294699901 -162.636245839022,15.7325294699901 -162.636245839022,15.6425447673896 -162.681161397772,15.6425447673896 -162.681161397772,15.5975524160893 -162.726076956522,15.5975524160893 -162.726076956522,15.5075677134887 -162.770992515271,15.5075677134887 -162.770992515271,15.4175830108882 -162.815908074021,15.4175830108882 -162.815908074021,15.3275983082876 -162.86082363277,15.3275983082876 -162.86082363277,15.2376136056871 -162.90573919152,15.2376136056871 -162.90573919152,15.1476289030865 -162.950654750269,15.1476289030865 -162.950654750269,15.0126518491857 -162.995570309019,15.0126518491857 -162.995570309019,14.8776747952848 -163.040485867768,14.8776747952848 -163.040485867768,14.6077206874831 -162.995570309019,14.6077206874831 -162.995570309019,14.5177359848826 -162.950654750269,14.5177359848826 -162.950654750269,14.427751282282 -162.90573919152,14.427751282282 -162.90573919152,14.3377665796815 -162.86082363277,14.3377665796815 -162.86082363277,14.2927742283812 -162.815908074021,14.2927742283812 -162.815908074021,14.2477818770809 -162.770992515271,14.2477818770809 -162.770992515271,14.2027895257806 -162.726076956522,14.2027895257806 -162.681161397772,14.2027895257806 -162.681161397772,14.1577971744804 -162.501499162774,14.1577971744804 -162.456583604024,14.1577971744804 -162.456583604024,14.1128048231801 -162.232005810277,14.1128048231801 -162.187090251527,14.1128048231801 -162.187090251527,14.0678124718798 -161.962512457779,14.0678124718798 -161.91759689903,14.0678124718798 -161.91759689903,14.0228201205795 -161.693019105282,14.0228201205795 -161.648103546532,14.0228201205795 -161.648103546532,13.9778277692792 -159.85148119655,13.9778277692792 -159.85148119655,14.0228201205795 -159.716734520302,14.0228201205795 -159.716734520302,14.0678124718798 -159.581987844053,14.0678124718798 -159.581987844053,14.1128048231801 -159.447241167804,14.1128048231801 -159.447241167804,14.1577971744804 -159.267578932806,14.1577971744804 -159.267578932806,14.2027895257806 -158.279436640316,14.2027895257806 -158.279436640316,14.1577971744804 -157.92011217032,14.1577971744804 -157.87519661157,14.1577971744804 -157.87519661157,14.1128048231801 -157.470956582824,14.1128048231801 -157.426041024075,14.1128048231801 -157.426041024075,14.0678124718798 -157.066716554078,14.0678124718798 -157.021800995329,14.0678124718798 -157.021800995329,14.0228201205795 -156.662476525332,14.0228201205795 -156.617560966583,14.0228201205795 -156.617560966583,13.9778277692792 -156.258236496586,13.9778277692792 -156.213320937837,13.9778277692792 -156.213320937837,13.932835417979 -155.85399646784,13.932835417979 -155.809080909091,13.932835417979 -155.809080909091,13.8878430666787 -155.315009762846,13.8878430666787 -155.270094204096,13.8878430666787 -155.270094204096,13.8428507153784 -154.731107499101,13.8428507153784 -154.686191940352,13.8428507153784 -154.686191940352,13.7978583640781 -153.698049647862,13.7978583640781 -153.698049647862,13.8428507153784 -153.248894060366,13.8428507153784 -153.248894060366,13.8878430666787 -152.799738472871,13.8878430666787 -152.799738472871,13.932835417979 -152.350582885375,13.932835417979 -152.350582885375,13.9778277692792 -151.90142729788,13.9778277692792 -151.90142729788,14.0228201205795 -151.542102827883,14.0228201205795 -151.542102827883,13.9778277692792 -151.317525034136,13.9778277692792 -151.272609475386,13.9778277692792 -151.272609475386,13.932835417979 -151.092947240388,13.932835417979 -151.048031681638,13.932835417979 -151.048031681638,13.8878430666787 -150.86836944664,13.8878430666787 -150.823453887891,13.8878430666787 -150.823453887891,13.8428507153784 -149.790396036651,13.8428507153784 -149.745480477901,13.8428507153784 -149.745480477901,13.7978583640781 -149.655649360402,13.7978583640781 -149.610733801653,13.7978583640781 -149.610733801653,13.7528660127778 -149.520902684154,13.7528660127778 -149.475987125404,13.7528660127778 -149.475987125404,13.7078736614776 -149.386156007905,13.7078736614776 -149.341240449155,13.7078736614776 -149.341240449155,13.6628813101773 -149.251409331656,13.6628813101773 -149.206493772907,13.6628813101773 -149.206493772907,13.617888958877 -149.071747096658,13.617888958877 -149.026831537908,13.617888958877 -149.026831537908,13.5728966075767 -148.937000420409,13.5728966075767 -148.89208486166,13.5728966075767 -148.89208486166,13.5279042562764 -148.802253744161,13.5279042562764 -148.757338185411,13.5279042562764 -148.757338185411,13.4829119049762 -148.712422626662,13.4829119049762 -148.712422626662,13.3479348510753 -148.757338185411,13.3479348510753 -148.757338185411,13.3029424997751 -149.206493772907,13.3029424997751 -149.206493772907,13.2579501484748 -149.520902684154,13.2579501484748 -149.520902684154,13.2129577971745 -150.823453887891,13.2129577971745 -150.823453887891,13.1679654458742 -151.631933945382,13.1679654458742 -151.631933945382,13.1229730945739 -152.081089532878,13.1229730945739 -152.081089532878,13.0779807432737 -152.530245120373,13.0779807432737 -152.530245120373,13.0329883919734 -152.979400707869,13.0329883919734 -152.979400707869,12.9879960406731 -153.428556295365,12.9879960406731 -153.428556295365,12.9430036893728 -155.943827585339,12.9430036893728 -155.943827585339,12.9879960406731 -155.988743144089,12.9879960406731 -156.303152055336,12.9879960406731 -156.303152055336,13.0329883919734 -156.348067614085,13.0329883919734 -156.707392084082,13.0329883919734 -156.707392084082,13.0779807432737 -156.752307642831,13.0779807432737 -157.111632112828,13.0779807432737 -157.111632112828,13.1229730945739 -157.156547671577,13.1229730945739 -157.515872141574,13.1229730945739 -157.515872141574,13.1679654458742 -159.043001139058,13.1679654458742 -159.043001139058,13.1229730945739 -159.177747815307,13.1229730945739 -159.177747815307,13.0779807432737 -159.312494491556,13.0779807432737 -159.312494491556,13.0329883919734 -159.447241167804,13.0329883919734 -159.447241167804,12.9879960406731 -159.581987844053,12.9879960406731 -159.581987844053,12.9430036893728 -159.626903402803,12.9430036893728 -159.626903402803,12.8980113380725 -159.716734520302,12.8980113380725 -159.716734520302,12.8530189867723 -159.761650079051,12.8530189867723 -159.761650079051,12.808026635472 -159.85148119655,12.808026635472 -159.85148119655,12.7630342841717 -159.8963967553,12.7630342841717 -159.8963967553,12.7180419328714 -159.986227872799,12.7180419328714 -159.986227872799,12.6730495815711 -160.076058990298,12.6730495815711 -160.076058990298,12.6280572302709 -160.255721225296,12.6280572302709 -160.255721225296,12.5830648789706 -161.648103546532,12.5830648789706 -161.648103546532,12.5380725276703 -161.693019105282,12.5380725276703</coordinates></LinearRing></outerBoundaryIs></Polygon></Placemark>
  <Placemark><name>50</name><Style><LineStyle><color>FF000000</color></LineStyle><PolyStyle><fill>1</fill><color>3c1400FF</color></PolyStyle></Style>
        <Polygon><outerBoundaryIs><LinearRing><coordinates>-161.737934664031,12.1331413659678 -161.737934664031,12.1781337172681 -161.782850222781,12.1781337172681 -162.007428016529,12.1781337172681 -162.007428016529,12.2231260685684 -162.052343575278,12.2231260685684 -162.276921369026,12.2231260685684 -162.276921369026,12.2681184198686 -162.321836927776,12.2681184198686 -162.546414721523,12.2681184198686 -162.546414721523,12.3131107711689 -162.591330280273,12.3131107711689 -162.86082363277,12.3131107711689 -162.86082363277,12.3581031224692 -162.90573919152,12.3581031224692 -163.085401426518,12.3581031224692 -163.085401426518,12.4030954737695 -163.130316985268,12.4030954737695 -163.175232544017,12.4030954737695 -163.175232544017,12.4480878250698 -163.220148102767,12.4480878250698 -163.309979220266,12.4480878250698 -163.309979220266,12.49308017637 -163.354894779015,12.49308017637 -163.354894779015,12.5380725276703 -163.399810337765,12.5380725276703 -163.444725896514,12.5380725276703 -163.444725896514,12.5830648789706 -163.489641455264,12.5830648789706 -163.534557014014,12.5830648789706 -163.534557014014,12.6280572302709 -163.579472572763,12.6280572302709 -163.579472572763,12.6730495815711 -163.624388131513,12.6730495815711 -163.669303690262,12.6730495815711 -163.669303690262,12.7180419328714 -163.714219249012,12.7180419328714 -163.714219249012,12.7630342841717 -163.759134807761,12.7630342841717 -163.759134807761,12.808026635472 -163.804050366511,12.808026635472 -163.804050366511,12.8530189867723 -163.84896592526,12.8530189867723 -163.84896592526,12.8980113380725 -163.89388148401,12.8980113380725 -163.938797042759,12.8980113380725 -163.938797042759,12.9879960406731 -163.983712601509,12.9879960406731 -164.028628160259,12.9879960406731 -164.028628160259,13.0779807432737 -164.073543719008,13.0779807432737 -164.073543719008,13.1229730945739 -164.118459277758,13.1229730945739 -164.118459277758,13.1679654458742 -164.163374836507,13.1679654458742 -164.163374836507,13.2129577971745 -164.208290395257,13.2129577971745 -164.208290395257,13.3029424997751 -164.253205954006,13.3029424997751 -164.253205954006,13.3479348510753 -164.298121512756,13.3479348510753 -164.298121512756,13.3929272023756 -164.343037071505,13.3929272023756 -164.343037071505,13.4829119049762 -164.387952630255,13.4829119049762 -164.387952630255,13.5279042562764 -164.432868189005,13.5279042562764 -164.432868189005,13.5728966075767 -164.477783747754,13.5728966075767 -164.477783747754,13.6628813101773 -164.522699306504,13.6628813101773 -164.522699306504,13.7078736614776 -164.567614865253,13.7078736614776 -164.567614865253,13.7528660127778 -164.612530424003,13.7528660127778 -164.612530424003,13.8428507153784 -164.657445982752,13.8428507153784 -164.657445982752,13.8878430666787 -164.702361541502,13.8878430666787 -164.702361541502,13.9778277692792 -164.747277100251,13.9778277692792 -164.747277100251,14.0228201205795 -164.792192659001,14.0228201205795 -164.792192659001,14.1577971744804 -164.83710821775,14.1577971744804 -164.83710821775,14.2477818770809 -164.8820237765,14.2477818770809 -164.8820237765,15.2376136056871 -164.83710821775,15.2376136056871 -164.83710821775,15.5075677134887 -164.792192659001,15.5075677134887 -164.792192659001,15.7775218212904 -164.747277100251,15.7775218212904 -164.747277100251,15.9124988751912 -164.702361541502,15.9124988751912 -164.702361541502,16.0474759290921 -164.657445982752,16.0474759290921 -164.657445982752,16.1374606316926 -164.612530424003,16.1374606316926 -164.612530424003,16.2274453342932 -164.567614865253,16.2274453342932 -164.567614865253,16.362422388194 -164.522699306504,16.362422388194 -164.522699306504,16.4524070907946 -164.477783747754,16.4524070907946 -164.477783747754,16.5423917933951 -164.432868189005,16.5423917933951 -164.432868189005,16.677368847296 -164.387952630255,16.677368847296 -164.387952630255,16.7673535498965 -164.343037071505,16.7673535498965 -164.343037071505,16.8123459011968 -164.298121512756,16.8123459011968 -164.298121512756,16.9023306037974 -164.253205954006,16.9023306037974 -164.253205954006,16.9923153063979 -164.208290395257,16.9923153063979 -164.208290395257,17.0823000089985 -164.163374836507,17.0823000089985 -164.163374836507,17.172284711599 -164.118459277758,17.172284711599 -164.118459277758,17.2622694141996 -164.073543719008,17.2622694141996 -164.073543719008,17.3072617654999 -164.028628160259,17.3072617654999 -164.028628160259,17.3972464681004 -163.983712601509,17.3972464681004 -163.983712601509,17.487231170701 -163.938797042759,17.487231170701 -163.938797042759,17.5772158733016 -163.89388148401,17.5772158733016 -163.89388148401,17.6672005759021 -163.84896592526,17.6672005759021 -163.84896592526,17.7121929272024 -163.804050366511,17.7121929272024 -163.804050366511,17.802177629803 -163.759134807761,17.802177629803 -163.759134807761,17.8471699811032 -163.714219249012,17.8471699811032 -163.714219249012,17.9371546837038 -163.669303690262,17.9371546837038 -163.669303690262,17.9821470350041 -163.624388131513,17.9821470350041 -163.624388131513,18.0271393863043 -163.579472572763,18.0271393863043 -163.579472572763,18.1171240889049 -163.534557014014,18.1171240889049 -163.534557014014,18.1621164402052 -163.489641455264,18.1621164402052 -163.489641455264,18.2521011428057 -163.444725896514,18.2521011428057 -163.444725896514,18.297093494106 -163.399810337765,18.297093494106 -163.399810337765,18.3870781967066 -163.354894779015,18.3870781967066 -163.354894779015,18.4320705480069 -163.309979220266,18.4320705480069 -163.309979220266,18.5220552506074 -163.265063661516,18.5220552506074 -163.265063661516,18.5670476019077 -163.220148102767,18.5670476019077 -163.220148102767,18.612039953208 -163.175232544017,18.612039953208 -163.175232544017,18.7020246558085 -163.130316985268,18.7020246558085 -163.130316985268,18.7920093584091 -163.085401426518,18.7920093584091 -163.085401426518,18.8819940610096 -163.040485867768,18.8819940610096 -163.040485867768,19.0169711149105 -162.995570309019,19.0169711149105 -162.995570309019,19.106955817511 -162.950654750269,19.106955817511 -162.950654750269,19.1969405201116 -162.90573919152,19.1969405201116 -162.90573919152,19.2869252227122 -162.86082363277,19.2869252227122 -162.86082363277,19.3769099253127 -162.815908074021,19.3769099253127 -162.815908074021,19.4668946279133 -162.770992515271,19.4668946279133 -162.770992515271,19.6018716818141 -162.726076956522,19.6018716818141 -162.726076956522,19.6918563844147 -162.681161397772,19.6918563844147 -162.681161397772,19.7818410870152 -162.636245839022,19.7818410870152 -162.636245839022,19.8718257896158 -162.591330280273,19.8718257896158 -162.591330280273,19.9618104922163 -162.546414721523,19.9618104922163 -162.546414721523,20.0967875461172 -162.501499162774,20.0967875461172 -162.501499162774,20.231764600018 -162.456583604024,20.231764600018 -162.456583604024,20.3667416539189 -162.411668045275,20.3667416539189 -162.411668045275,20.54671105912 -162.366752486525,20.54671105912 -162.366752486525,20.6816881130208 -162.321836927776,20.6816881130208 -162.321836927776,20.8166651669216 -162.276921369026,20.8166651669216 -162.276921369026,20.9516422208225 -162.232005810277,20.9516422208225 -162.232005810277,21.0866192747233 -162.187090251527,21.0866192747233 -162.187090251527,21.2665886799244 -162.142174692777,21.2665886799244 -162.142174692777,21.356573382525 -162.187090251527,21.356573382525 -162.187090251527,21.5365427877261 -162.232005810277,21.5365427877261 -162.232005810277,21.7165121929272 -162.276921369026,21.7165121929272 -162.276921369026,21.9414739494286 -162.321836927776,21.9414739494286 -162.321836927776,22.1214433546297 -162.366752486525,22.1214433546297 -162.366752486525,22.3464051111311 -162.411668045275,22.3464051111311 -162.411668045275,22.481382165032 -162.456583604024,22.481382165032 -162.456583604024,22.6613515702331 -162.501499162774,22.6613515702331 -162.501499162774,22.8413209754342 -162.546414721523,22.8413209754342 -162.546414721523,23.0212903806353 -162.591330280273,23.0212903806353 -162.591330280273,23.2012597858364 -162.636245839022,23.2012597858364 -162.636245839022,23.9211374066409 -162.591330280273,23.9211374066409 -162.591330280273,24.101106811842 -162.546414721523,24.101106811842 -162.546414721523,24.2810762170431 -162.501499162774,24.2810762170431 -162.501499162774,24.5060379735445 -162.456583604024,24.5060379735445 -162.456583604024,24.6860073787456 -162.411668045275,24.6860073787456 -162.411668045275,24.910969135247 -162.366752486525,24.910969135247 -162.366752486525,25.0909385404482 -162.321836927776,25.0909385404482 -162.321836927776,25.3159002969495 -162.276921369026,25.3159002969495 -162.276921369026,25.4958697021507 -162.232005810277,25.4958697021507 -162.232005810277,25.5858544047512 -162.187090251527,25.5858544047512 -162.187090251527,25.6758391073518 -162.142174692777,25.6758391073518 -162.142174692777,25.7208314586521 -162.097259134028,25.7208314586521 -162.097259134028,25.8108161612526 -162.052343575278,25.8108161612526 -162.052343575278,25.9008008638532 -162.007428016529,25.9008008638532 -162.007428016529,25.9457932151535 -161.962512457779,25.9457932151535 -161.962512457779,26.2607396742554 -162.007428016529,26.2607396742554 -162.007428016529,26.5306937820571 -162.052343575278,26.5306937820571 -162.052343575278,26.7556555385585 -162.097259134028,26.7556555385585 -162.097259134028,26.845640241159 -162.142174692777,26.845640241159 -162.142174692777,26.8906325924593 -162.187090251527,26.8906325924593 -162.187090251527,26.9806172950599 -162.232005810277,26.9806172950599 -162.232005810277,27.0706019976604 -162.276921369026,27.0706019976604 -162.276921369026,27.160586700261 -162.321836927776,27.160586700261 -162.321836927776,27.2055790515613 -162.366752486525,27.2055790515613 -162.366752486525,27.2955637541618 -162.411668045275,27.2955637541618 -162.411668045275,27.3855484567624 -162.456583604024,27.3855484567624 -162.456583604024,27.4305408080627 -162.501499162774,27.4305408080627 -162.501499162774,27.4755331593629 -162.546414721523,27.4755331593629 -162.546414721523,27.5205255106632 -162.591330280273,27.5205255106632 -162.591330280273,27.5655178619635 -162.636245839022,27.5655178619635 -162.636245839022,27.6105102132638 -162.681161397772,27.6105102132638 -162.681161397772,27.6555025645641 -162.726076956522,27.6555025645641 -162.726076956522,27.7004949158643 -162.770992515271,27.7004949158643 -162.770992515271,27.7454872671646 -162.815908074021,27.7454872671646 -162.815908074021,27.7904796184649 -162.86082363277,27.7904796184649 -162.86082363277,27.8354719697652 -162.90573919152,27.8354719697652 -162.950654750269,27.8354719697652 -162.950654750269,27.8804643210655 -162.995570309019,27.8804643210655 -162.995570309019,27.9254566723657 -163.040485867768,27.9254566723657 -163.040485867768,27.970449023666 -163.085401426518,27.970449023666 -163.085401426518,28.0154413749663 -163.130316985268,28.0154413749663 -163.130316985268,28.0604337262666 -163.175232544017,28.0604337262666 -163.175232544017,28.1054260775668 -163.220148102767,28.1054260775668 -163.220148102767,28.1504184288671 -163.265063661516,28.1504184288671 -163.265063661516,28.1954107801674 -163.309979220266,28.1954107801674 -163.354894779015,28.1954107801674 -163.354894779015,28.2404031314677 -163.399810337765,28.2404031314677 -163.399810337765,28.285395482768 -163.444725896514,28.285395482768 -163.444725896514,28.3303878340682 -163.489641455264,28.3303878340682 -163.489641455264,28.3753801853685 -163.534557014014,28.3753801853685 -163.534557014014,28.4203725366688 -163.579472572763,28.4203725366688 -163.579472572763,28.4653648879691 -163.624388131513,28.4653648879691 -163.624388131513,28.5103572392694 -163.669303690262,28.5103572392694 -163.714219249012,28.5103572392694 -163.714219249012,28.5553495905696 -163.759134807761,28.5553495905696 -163.804050366511,28.5553495905696 -163.804050366511,28.6003419418699 -163.84896592526,28.6003419418699 -163.84896592526,28.6453342931702 -163.89388148401,28.6453342931702 -163.938797042759,28.6453342931702 -163.938797042759,28.6903266444705 -163.983712601509,28.6903266444705 -164.028628160259,28.6903266444705 -164.028628160259,28.7353189957708 -164.073543719008,28.7353189957708 -164.118459277758,28.7353189957708 -164.118459277758,28.780311347071 -164.163374836507,28.780311347071 -164.208290395257,28.780311347071 -164.208290395257,28.8253036983713 -164.253205954006,28.8253036983713 -164.253205954006,28.8702960496716 -164.298121512756,28.8702960496716 -164.387952630255,28.8702960496716 -164.387952630255,28.9152884009719 -164.432868189005,28.9152884009719 -164.477783747754,28.9152884009719 -164.477783747754,28.9602807522721 -164.522699306504,28.9602807522721 -164.567614865253,28.9602807522721 -164.567614865253,29.0052731035724 -164.612530424003,29.0052731035724 -164.657445982752,29.0052731035724 -164.657445982752,29.0502654548727 -165.241348246496,29.0502654548727 -165.241348246496,29.0052731035724 -168.205775123967,29.0052731035724 -168.205775123967,29.0502654548727 -168.250690682716,29.0502654548727 -168.250690682716,29.095257806173 -168.205775123967,29.095257806173 -168.205775123967,29.2752272113741 -168.160859565217,29.2752272113741 -168.160859565217,29.4102042652749 -168.115944006468,29.4102042652749 -168.115944006468,29.5451813191758 -168.071028447718,29.5451813191758 -168.071028447718,29.6351660217763 -168.026112888969,29.6351660217763 -168.026112888969,29.7701430756772 -167.981197330219,29.7701430756772 -167.981197330219,29.905120129578 -167.93628177147,29.905120129578 -167.93628177147,29.9951048321786 -167.89136621272,29.9951048321786 -167.89136621272,30.0400971834788 -167.801535095221,30.0400971834788 -167.801535095221,30.0850895347791 -166.139659421487,30.0850895347791 -166.139659421487,30.0400971834788 -166.004912745239,30.0400971834788 -165.959997186489,30.0400971834788 -165.959997186489,29.9951048321786 -165.825250510241,29.9951048321786 -165.780334951491,29.9951048321786 -165.780334951491,29.9501124808783 -165.645588275242,29.9501124808783 -165.600672716493,29.9501124808783 -165.600672716493,29.905120129578 -165.465926040244,29.905120129578 -165.421010481495,29.905120129578 -165.421010481495,29.8601277782777 -165.286263805246,29.8601277782777 -165.241348246496,29.8601277782777 -165.241348246496,29.8151354269774 -165.106601570248,29.8151354269774 -165.061686011498,29.8151354269774 -165.061686011498,29.7701430756772 -164.92693933525,29.7701430756772 -164.8820237765,29.7701430756772 -164.8820237765,29.7251507243769 -164.702361541502,29.7251507243769 -164.657445982752,29.7251507243769 -164.657445982752,29.6801583730766 -163.175232544017,29.6801583730766 -163.175232544017,29.7251507243769 -162.815908074021,29.7251507243769 -162.815908074021,29.6801583730766 -162.636245839022,29.6801583730766 -162.591330280273,29.6801583730766 -162.591330280273,29.6351660217763 -162.546414721523,29.6351660217763 -162.501499162774,29.6351660217763 -162.501499162774,29.5901736704761 -162.411668045275,29.5901736704761 -162.366752486525,29.5901736704761 -162.366752486525,29.5451813191758 -162.321836927776,29.5451813191758 -162.321836927776,29.5001889678755 -162.276921369026,29.5001889678755 -162.232005810277,29.5001889678755 -162.232005810277,29.4551966165752 -162.187090251527,29.4551966165752 -162.142174692777,29.4551966165752 -162.142174692777,29.4102042652749 -162.097259134028,29.4102042652749 -162.097259134028,29.3652119139747 -162.052343575278,29.3652119139747 -162.007428016529,29.3652119139747 -162.007428016529,29.3202195626744 -161.962512457779,29.3202195626744 -161.91759689903,29.3202195626744 -161.91759689903,29.2752272113741 -161.87268134028,29.2752272113741 -161.87268134028,29.2302348600738 -161.827765781531,29.2302348600738 -161.827765781531,29.1852425087735 -161.782850222781,29.1852425087735 -161.737934664031,29.1852425087735 -161.737934664031,29.1402501574733 -161.693019105282,29.1402501574733 -161.648103546532,29.1402501574733 -161.648103546532,29.095257806173 -161.603187987783,29.095257806173 -161.603187987783,29.0502654548727 -161.558272429033,29.0502654548727 -161.513356870284,29.0502654548727 -161.513356870284,29.0052731035724 -161.468441311534,29.0052731035724 -161.423525752785,29.0052731035724 -161.423525752785,28.9602807522721 -161.378610194035,28.9602807522721 -161.378610194035,28.9152884009719 -161.333694635285,28.9152884009719 -161.288779076536,28.9152884009719 -161.288779076536,28.8702960496716 -161.243863517786,28.8702960496716 -161.243863517786,28.8253036983713 -161.198947959037,28.8253036983713 -161.154032400287,28.8253036983713 -161.154032400287,28.780311347071 -161.109116841538,28.780311347071 -161.109116841538,28.7353189957708 -161.064201282788,28.7353189957708 -161.019285724039,28.7353189957708 -161.019285724039,28.6903266444705 -160.974370165289,28.6903266444705 -160.92945460654,28.6903266444705 -160.92945460654,28.6453342931702 -160.88453904779,28.6453342931702 -160.88453904779,28.6003419418699 -160.83962348904,28.6003419418699 -160.794707930291,28.6003419418699 -160.794707930291,28.5553495905696 -160.749792371541,28.5553495905696 -160.749792371541,28.5103572392694 -160.704876812792,28.5103572392694 -160.704876812792,28.4653648879691 -160.659961254042,28.4653648879691 -160.659961254042,28.4203725366688 -160.615045695293,28.4203725366688 -160.570130136543,28.4203725366688 -160.570130136543,28.3753801853685 -160.525214577794,28.3753801853685 -160.525214577794,28.3303878340682 -160.480299019044,28.3303878340682 -160.480299019044,28.285395482768 -160.435383460294,28.285395482768 -160.435383460294,28.2404031314677 -160.390467901545,28.2404031314677 -160.390467901545,28.1954107801674 -160.345552342795,28.1954107801674 -160.345552342795,28.1504184288671 -160.300636784046,28.1504184288671 -160.300636784046,28.1054260775668 -160.255721225296,28.1054260775668 -160.255721225296,28.0604337262666 -160.210805666547,28.0604337262666 -160.210805666547,28.0154413749663 -160.165890107797,28.0154413749663 -160.165890107797,27.970449023666 -160.120974549048,27.970449023666 -160.120974549048,27.9254566723657 -160.076058990298,27.9254566723657 -160.076058990298,27.8804643210655 -160.031143431549,27.8804643210655 -160.031143431549,27.8354719697652 -159.986227872799,27.8354719697652 -159.986227872799,27.7904796184649 -159.941312314049,27.7904796184649 -159.941312314049,27.7454872671646 -159.8963967553,27.7454872671646 -159.8963967553,27.7004949158643 -159.85148119655,27.7004949158643 -159.85148119655,27.6555025645641 -159.806565637801,27.6555025645641 -159.806565637801,27.6105102132638 -159.761650079051,27.6105102132638 -159.761650079051,27.5205255106632 -159.716734520302,27.5205255106632 -159.716734520302,27.3855484567624 -159.671818961552,27.3855484567624 -159.671818961552,27.2955637541618 -159.626903402803,27.2955637541618 -159.626903402803,27.0706019976604 -159.581987844053,27.0706019976604 -159.581987844053,26.8006478898588 -159.537072285303,26.8006478898588 -159.537072285303,26.5306937820571 -159.492156726554,26.5306937820571 -159.492156726554,26.2157473229551 -159.447241167804,26.2157473229551 -159.447241167804,25.9457932151535 -159.402325609055,25.9457932151535 -159.402325609055,25.7208314586521 -159.357410050305,25.7208314586521 -159.357410050305,25.4958697021507 -159.312494491556,25.4958697021507 -159.312494491556,25.2709079456493 -159.267578932806,25.2709079456493 -159.267578932806,25.0459461891479 -159.222663374057,25.0459461891479 -159.222663374057,24.8659767839468 -159.177747815307,24.8659767839468 -159.177747815307,24.6410150274454 -159.132832256557,24.6410150274454 -159.132832256557,24.5060379735445 -159.087916697808,24.5060379735445 -159.087916697808,24.2810762170431 -159.043001139058,24.2810762170431 -159.043001139058,24.101106811842 -158.998085580309,24.101106811842 -158.998085580309,23.9211374066409 -158.953170021559,23.9211374066409 -158.953170021559,23.6961756501395 -158.90825446281,23.6961756501395 -158.90825446281,23.5162062449384 -158.86333890406,23.5162062449384 -158.86333890406,22.976298029335 -158.90825446281,22.976298029335 -158.90825446281,22.6163592189328 -158.953170021559,22.6163592189328 -158.953170021559,22.2564204085306 -158.998085580309,22.2564204085306 -158.998085580309,21.8514892468281 -159.043001139058,21.8514892468281 -159.043001139058,21.4915504364258 -159.087916697808,21.4915504364258 -159.087916697808,21.0866192747233 -159.132832256557,21.0866192747233 -159.132832256557,20.8166651669216 -159.177747815307,20.8166651669216 -159.177747815307,20.6816881130208 -159.222663374057,20.6816881130208 -159.222663374057,20.5917034104203 -159.267578932806,20.5917034104203 -159.267578932806,20.5017187078197 -159.312494491556,20.5017187078197 -159.312494491556,20.4117340052191 -159.357410050305,20.4117340052191 -159.357410050305,20.2767569513183 -159.402325609055,20.2767569513183 -159.402325609055,20.1867722487177 -159.447241167804,20.1867722487177 -159.447241167804,20.0967875461172 -159.492156726554,20.0967875461172 -159.492156726554,20.0068028435166 -159.537072285303,20.0068028435166 -159.537072285303,19.9168181409161 -159.581987844053,19.9168181409161 -159.581987844053,19.8268334383155 -159.626903402803,19.8268334383155 -159.626903402803,19.736848735715 -159.671818961552,19.736848735715 -159.671818961552,19.6468640331144 -159.716734520302,19.6468640331144 -159.716734520302,19.5568793305138 -159.761650079051,19.5568793305138 -159.761650079051,19.4668946279133 -159.806565637801,19.4668946279133 -159.806565637801,19.3319175740124 -159.85148119655,19.3319175740124 -159.85148119655,19.2419328714119 -159.8963967553,19.2419328714119 -159.8963967553,19.1519481688113 -159.941312314049,19.1519481688113 -159.941312314049,19.0619634662108 -159.986227872799,19.0619634662108 -159.986227872799,18.9719787636102 -160.031143431549,18.9719787636102 -160.031143431549,18.8819940610096 -160.076058990298,18.8819940610096 -160.076058990298,18.7920093584091 -160.120974549048,18.7920093584091 -160.120974549048,18.7020246558085 -160.165890107797,18.7020246558085 -160.165890107797,18.612039953208 -160.210805666547,18.612039953208 -160.210805666547,18.5220552506074 -160.255721225296,18.5220552506074 -160.255721225296,18.3870781967066 -160.300636784046,18.3870781967066 -160.300636784046,18.297093494106 -160.345552342795,18.297093494106 -160.345552342795,18.2071087915055 -160.390467901545,18.2071087915055 -160.390467901545,18.1171240889049 -160.435383460294,18.1171240889049 -160.435383460294,18.0271393863043 -160.480299019044,18.0271393863043 -160.480299019044,17.9371546837038 -160.525214577794,17.9371546837038 -160.525214577794,17.8471699811032 -160.570130136543,17.8471699811032 -160.570130136543,17.7571852785027 -160.615045695293,17.7571852785027 -160.615045695293,17.6672005759021 -160.659961254042,17.6672005759021 -160.659961254042,17.5772158733016 -160.704876812792,17.5772158733016 -160.704876812792,17.4422388194007 -160.749792371541,17.4422388194007 -160.749792371541,17.3522541168002 -160.794707930291,17.3522541168002 -160.794707930291,17.3072617654999 -160.83962348904,17.3072617654999 -160.83962348904,17.2172770628993 -160.88453904779,17.2172770628993 -160.88453904779,17.172284711599 -160.92945460654,17.172284711599 -160.92945460654,17.0823000089985 -160.974370165289,17.0823000089985 -160.974370165289,17.0373076576982 -161.019285724039,17.0373076576982 -161.019285724039,16.9923153063979 -161.064201282788,16.9923153063979 -161.064201282788,16.9473229550977 -161.109116841538,16.9473229550977 -161.109116841538,16.9023306037974 -161.154032400287,16.9023306037974 -161.154032400287,16.8573382524971 -161.198947959037,16.8573382524971 -161.198947959037,16.8123459011968 -161.243863517786,16.8123459011968 -161.243863517786,16.7673535498965 -161.288779076536,16.7673535498965 -161.288779076536,16.7223611985963 -161.333694635285,16.7223611985963 -161.333694635285,16.677368847296 -161.378610194035,16.677368847296 -161.378610194035,16.6323764959957 -161.423525752785,16.6323764959957 -161.423525752785,16.5423917933951 -161.468441311534,16.5423917933951 -161.468441311534,16.4973994420949 -161.513356870284,16.4973994420949 -161.513356870284,16.4524070907946 -161.558272429033,16.4524070907946 -161.558272429033,16.4074147394943 -161.603187987783,16.4074147394943 -161.603187987783,16.362422388194 -161.648103546532,16.362422388194 -161.648103546532,16.3174300368937 -161.693019105282,16.3174300368937 -161.693019105282,16.2274453342932 -161.737934664031,16.2274453342932 -161.737934664031,16.1374606316926 -161.782850222781,16.1374606316926 -161.782850222781,16.0474759290921 -161.827765781531,16.0474759290921 -161.827765781531,16.0024835777918 -161.87268134028,16.0024835777918 -161.87268134028,15.9124988751912 -161.91759689903,15.9124988751912 -161.91759689903,15.8225141725907 -161.962512457779,15.8225141725907 -161.962512457779,15.7325294699901 -162.007428016529,15.7325294699901 -162.007428016529,15.6425447673896 -162.052343575278,15.6425447673896 -162.052343575278,15.552560064789 -162.097259134028,15.552560064789 -162.097259134028,15.4625753621884 -162.142174692777,15.4625753621884 -162.142174692777,15.3725906595879 -162.187090251527,15.3725906595879 -162.187090251527,15.2826059569873 -162.232005810277,15.2826059569873 -162.232005810277,15.1476289030865 -162.276921369026,15.1476289030865 -162.276921369026,15.0576442004859 -162.321836927776,15.0576442004859 -162.321836927776,14.9676594978854 -162.366752486525,14.9676594978854 -162.366752486525,14.8776747952848 -162.411668045275,14.8776747952848 -162.411668045275,14.7876900926843 -162.366752486525,14.7876900926843 -162.366752486525,14.742697741384 -162.321836927776,14.742697741384 -162.321836927776,14.6977053900837 -162.276921369026,14.6977053900837 -162.276921369026,14.6077206874831 -162.187090251527,14.6077206874831 -162.142174692777,14.6077206874831 -162.142174692777,14.5627283361829 -161.91759689903,14.5627283361829 -161.87268134028,14.5627283361829 -161.87268134028,14.5177359848826 -161.648103546532,14.5177359848826 -161.603187987783,14.5177359848826 -161.603187987783,14.4727436335823 -160.120974549048,14.4727436335823 -160.076058990298,14.4727436335823 -160.076058990298,14.427751282282 -159.8963967553,14.427751282282 -159.85148119655,14.427751282282 -159.85148119655,14.3827589309817 -159.671818961552,14.3827589309817 -159.671818961552,14.427751282282 -159.537072285303,14.427751282282 -159.537072285303,14.4727436335823 -159.402325609055,14.4727436335823 -159.402325609055,14.5177359848826 -158.144689964067,14.5177359848826 -158.144689964067,14.4727436335823 -158.009943287819,14.4727436335823 -157.965027729069,14.4727436335823 -157.965027729069,14.427751282282 -157.785365494071,14.427751282282 -157.740449935321,14.427751282282 -157.740449935321,14.3827589309817 -157.560787700323,14.3827589309817 -157.515872141574,14.3827589309817 -157.515872141574,14.3377665796815 -157.246378789076,14.3377665796815 -157.201463230327,14.3377665796815 -157.201463230327,14.2927742283812 -156.84213876033,14.2927742283812 -156.797223201581,14.2927742283812 -156.797223201581,14.2477818770809 -156.437898731584,14.2477818770809 -156.392983172835,14.2477818770809 -156.392983172835,14.2027895257806 -156.033658702838,14.2027895257806 -155.988743144089,14.2027895257806 -155.988743144089,14.1577971744804 -155.674334232842,14.1577971744804 -155.629418674093,14.1577971744804 -155.629418674093,14.1128048231801 -155.359925321595,14.1128048231801 -155.315009762846,14.1128048231801 -155.315009762846,14.0678124718798 -155.045516410348,14.0678124718798 -155.000600851599,14.0678124718798 -155.000600851599,14.0228201205795 -154.776023057851,14.0228201205795 -154.731107499101,14.0228201205795 -154.731107499101,13.9778277692792 -153.563302971613,13.9778277692792 -153.563302971613,14.0228201205795 -153.114147384118,14.0228201205795 -153.114147384118,14.0678124718798 -152.664991796622,14.0678124718798 -152.664991796622,14.1128048231801 -152.350582885375,14.1128048231801 -152.350582885375,14.1577971744804 -152.036173974128,14.1577971744804 -152.036173974128,14.2027895257806 -151.676849504132,14.2027895257806 -151.676849504132,14.2477818770809 -151.542102827883,14.2477818770809 -151.542102827883,14.2027895257806 -151.362440592885,14.2027895257806 -151.317525034136,14.2027895257806 -151.317525034136,14.1577971744804 -151.227693916636,14.1577971744804 -151.182778357887,14.1577971744804 -151.182778357887,14.1128048231801 -151.048031681638,14.1128048231801 -151.003116122889,14.1128048231801 -151.003116122889,14.0678124718798 -150.86836944664,14.0678124718798 -150.823453887891,14.0678124718798 -150.823453887891,14.0228201205795 -149.790396036651,14.0228201205795 -149.745480477901,14.0228201205795 -149.745480477901,13.9778277692792 -149.655649360402,13.9778277692792 -149.610733801653,13.9778277692792 -149.610733801653,13.932835417979 -149.520902684154,13.932835417979 -149.475987125404,13.932835417979 -149.475987125404,13.8878430666787 -149.341240449155,13.8878430666787 -149.296324890406,13.8878430666787 -149.296324890406,13.8428507153784 -149.206493772907,13.8428507153784 -149.161578214157,13.8428507153784 -149.161578214157,13.7978583640781 -149.071747096658,13.7978583640781 -149.026831537908,13.7978583640781 -149.026831537908,13.7528660127778 -148.89208486166,13.7528660127778 -148.84716930291,13.7528660127778 -148.84716930291,13.7078736614776 -148.757338185411,13.7078736614776 -148.712422626662,13.7078736614776 -148.712422626662,13.6628813101773 -148.622591509163,13.6628813101773 -148.577675950413,13.6628813101773 -148.577675950413,13.617888958877 -148.487844832914,13.617888958877 -148.442929274164,13.617888958877 -148.442929274164,13.5728966075767 -148.398013715415,13.5728966075767 -148.353098156665,13.5728966075767 -148.353098156665,13.5279042562764 -148.263267039166,13.5279042562764 -148.218351480417,13.5279042562764 -148.218351480417,13.4829119049762 -148.128520362917,13.4829119049762 -148.083604804168,13.4829119049762 -148.083604804168,13.4379195536759 -147.85902701042,13.4379195536759 -147.814111451671,13.4379195536759 -147.814111451671,13.3929272023756 -147.409871422925,13.3929272023756 -147.364955864175,13.3929272023756 -147.364955864175,13.3479348510753 -146.91580027668,13.3479348510753 -146.87088471793,13.3479348510753 -146.87088471793,13.3029424997751 -146.466644689184,13.3029424997751 -146.421729130435,13.3029424997751 -146.421729130435,13.2579501484748 -145.478502396694,13.2579501484748 -145.433586837944,13.2579501484748 -145.433586837944,13.2129577971745 -145.388671279195,13.2129577971745 -145.388671279195,13.2579501484748 -145.298840161696,13.2579501484748 -145.298840161696,13.2129577971745 -145.253924602946,13.2129577971745 -145.253924602946,13.2579501484748 -145.164093485447,13.2579501484748 -145.164093485447,13.2129577971745 -144.265782310456,13.2129577971745 -144.265782310456,13.2579501484748 -143.726795605461,13.2579501484748 -143.726795605461,13.2129577971745 -143.681880046712,13.2129577971745 -143.681880046712,13.1679654458742 -143.636964487962,13.1679654458742 -143.636964487962,13.0329883919734 -143.681880046712,13.0329883919734 -143.681880046712,12.9879960406731 -143.951373399209,12.9879960406731 -143.951373399209,12.9430036893728 -144.310697869206,12.9430036893728 -144.310697869206,12.8980113380725 -144.580191221703,12.8980113380725 -144.580191221703,12.8530189867723 -144.804769015451,12.8530189867723 -144.804769015451,12.808026635472 -145.119177926698,12.808026635472 -145.119177926698,12.7630342841717 -145.164093485447,12.7630342841717 -145.164093485447,12.808026635472 -145.253924602946,12.808026635472 -145.253924602946,12.7630342841717 -145.298840161696,12.7630342841717 -145.298840161696,12.808026635472 -145.388671279195,12.808026635472 -145.388671279195,12.7630342841717 -145.433586837944,12.7630342841717 -145.433586837944,12.808026635472 -145.523417955444,12.808026635472 -145.523417955444,12.7630342841717 -145.568333514193,12.7630342841717 -145.568333514193,12.808026635472 -145.658164631692,12.808026635472 -145.658164631692,12.7630342841717 -145.703080190442,12.7630342841717 -145.703080190442,12.808026635472 -145.792911307941,12.808026635472 -145.792911307941,12.7630342841717 -145.83782686669,12.7630342841717 -145.83782686669,12.808026635472 -145.927657984189,12.808026635472 -145.927657984189,12.7630342841717 -145.972573542939,12.7630342841717 -145.972573542939,12.808026635472 -146.062404660438,12.808026635472 -146.062404660438,12.7630342841717 -146.107320219188,12.7630342841717 -146.107320219188,12.808026635472 -146.152235777937,12.808026635472 -146.511560247934,12.808026635472 -146.511560247934,12.8530189867723 -146.556475806683,12.8530189867723 -146.960715835429,12.8530189867723 -146.960715835429,12.8980113380725 -147.005631394179,12.8980113380725 -147.454786981674,12.8980113380725 -147.454786981674,12.9430036893728 -147.499702540424,12.9430036893728 -147.948858127919,12.9430036893728 -147.948858127919,12.9879960406731 -147.993773686669,12.9879960406731 -148.263267039166,12.9879960406731 -148.263267039166,13.0329883919734 -148.308182597916,13.0329883919734 -148.398013715415,13.0329883919734 -148.398013715415,13.0779807432737 -149.565818242903,13.0779807432737 -149.565818242903,13.0329883919734 -151.092947240388,13.0329883919734 -151.092947240388,12.9879960406731 -151.766680621631,12.9879960406731 -151.766680621631,12.9430036893728 -152.215836209127,12.9430036893728 -152.215836209127,12.8980113380725 -152.664991796622,12.8980113380725 -152.664991796622,12.8530189867723 -153.114147384118,12.8530189867723 -153.114147384118,12.808026635472 -153.563302971613,12.808026635472 -153.563302971613,12.7630342841717 -155.89891202659,12.7630342841717 -155.89891202659,12.808026635472 -155.943827585339,12.808026635472 -156.931969877829,12.808026635472 -156.931969877829,12.8530189867723 -156.976885436579,12.8530189867723 -157.336209906575,12.8530189867723 -157.336209906575,12.8980113380725 -157.605703259073,12.8980113380725 -157.605703259073,12.8530189867723 -157.87519661157,12.8530189867723 -157.87519661157,12.808026635472 -158.099774405318,12.808026635472 -158.099774405318,12.7630342841717 -159.043001139058,12.7630342841717 -159.043001139058,12.7180419328714 -159.177747815307,12.7180419328714 -159.177747815307,12.6730495815711 -159.267578932806,12.6730495815711 -159.267578932806,12.6280572302709 -159.312494491556,12.6280572302709 -159.312494491556,12.5830648789706 -159.357410050305,12.5830648789706 -159.357410050305,12.5380725276703 -159.402325609055,12.5380725276703 -159.402325609055,12.49308017637 -159.447241167804,12.49308017637 -159.447241167804,12.4480878250698 -159.492156726554,12.4480878250698 -159.492156726554,12.4030954737695 -159.581987844053,12.4030954737695 -159.581987844053,12.3581031224692 -159.626903402803,12.3581031224692 -159.626903402803,12.3131107711689 -159.716734520302,12.3131107711689 -159.716734520302,12.2681184198686 -159.806565637801,12.2681184198686 -159.806565637801,12.2231260685684 -159.8963967553,12.2231260685684 -159.8963967553,12.1781337172681 -160.076058990298,12.1781337172681 -160.076058990298,12.1331413659678 -161.737934664031,12.1331413659678</coordinates></LinearRing></outerBoundaryIs><innerBoundaryIs><LinearRing><coordinates>-151.272609475386,13.932835417979 -151.272609475386,13.9778277692792 -151.317525034136,13.9778277692792 -151.542102827883,13.9778277692792 -151.542102827883,14.0228201205795 -151.90142729788,14.0228201205795 -151.90142729788,13.9778277692792 -152.350582885375,13.9778277692792 -152.350582885375,13.932835417979 -152.799738472871,13.932835417979 -152.799738472871,13.8878430666787 -153.248894060366,13.8878430666787 -153.248894060366,13.8428507153784 -153.698049647862,13.8428507153784 -153.698049647862,13.7978583640781 -154.686191940352,13.7978583640781 -154.686191940352,13.8428507153784 -154.731107499101,13.8428507153784 -155.270094204096,13.8428507153784 -155.270094204096,13.8878430666787 -155.315009762846,13.8878430666787 -155.809080909091,13.8878430666787 -155.809080909091,13.932835417979 -155.85399646784,13.932835417979 -156.213320937837,13.932835417979 -156.213320937837,13.9778277692792 -156.258236496586,13.9778277692792 -156.617560966583,13.9778277692792 -156.617560966583,14.0228201205795 -156.662476525332,14.0228201205795 -157.021800995329,14.0228201205795 -157.021800995329,14.0678124718798 -157.066716554078,14.0678124718798 -157.426041024075,14.0678124718798 -157.426041024075,14.1128048231801 -157.470956582824,14.1128048231801 -157.87519661157,14.1128048231801 -157.87519661157,14.1577971744804 -157.92011217032,14.1577971744804 -158.279436640316,14.1577971744804 -158.279436640316,14.2027895257806 -159.267578932806,14.2027895257806 -159.267578932806,14.1577971744804 -159.447241167804,14.1577971744804 -159.447241167804,14.1128048231801 -159.581987844053,14.1128048231801 -159.581987844053,14.0678124718798 -159.716734520302,14.0678124718798 -159.716734520302,14.0228201205795 -159.85148119655,14.0228201205795 -159.85148119655,13.9778277692792 -161.648103546532,13.9778277692792 -161.648103546532,14.0228201205795 -161.693019105282,14.0228201205795 -161.91759689903,14.0228201205795 -161.91759689903,14.0678124718798 -161.962512457779,14.0678124718798 -162.187090251527,14.0678124718798 -162.187090251527,14.1128048231801 -162.232005810277,14.1128048231801 -162.456583604024,14.1128048231801 -162.456583604024,14.1577971744804 -162.501499162774,14.1577971744804 -162.681161397772,14.1577971744804 -162.681161397772,14.2027895257806 -162.726076956522,14.2027895257806 -162.770992515271,14.2027895257806 -162.770992515271,14.2477818770809 -162.815908074021,14.2477818770809 -162.815908074021,14.2927742283812 -162.86082363277,14.2927742283812 -162.86082363277,14.3377665796815 -162.90573919152,14.3377665796815 -162.90573919152,14.427751282282 -162.950654750269,14.427751282282 -162.950654750269,14.5177359848826 -162.995570309019,14.5177359848826 -162.995570309019,14.6077206874831 -163.040485867768,14.6077206874831 -163.040485867768,14.8776747952848 -162.995570309019,14.8776747952848 -162.995570309019,15.0126518491857 -162.950654750269,15.0126518491857 -162.950654750269,15.1476289030865 -162.90573919152,15.1476289030865 -162.90573919152,15.2376136056871 -162.86082363277,15.2376136056871 -162.86082363277,15.3275983082876 -162.815908074021,15.3275983082876 -162.815908074021,15.4175830108882 -162.770992515271,15.4175830108882 -162.770992515271,15.5075677134887 -162.726076956522,15.5075677134887 -162.726076956522,15.5975524160893 -162.681161397772,15.5975524160893 -162.681161397772,15.6425447673896 -162.636245839022,15.6425447673896 -162.636245839022,15.7325294699901 -162.591330280273,15.7325294699901 -162.591330280273,15.8225141725907 -162.546414721523,15.8225141725907 -162.546414721523,15.9124988751912 -162.501499162774,15.9124988751912 -162.501499162774,16.0024835777918 -162.456583604024,16.0024835777918 -162.456583604024,16.0474759290921 -162.411668045275,16.0474759290921 -162.411668045275,16.1374606316926 -162.366752486525,16.1374606316926 -162.366752486525,16.2274453342932 -162.321836927776,16.2274453342932 -162.321836927776,16.3174300368937 -162.276921369026,16.3174300368937 -162.276921369026,16.362422388194 -162.232005810277,16.362422388194 -162.232005810277,16.4524070907946 -162.187090251527,16.4524070907946 -162.187090251527,16.5423917933951 -162.142174692777,16.5423917933951 -162.142174692777,16.5873841446954 -162.097259134028,16.5873841446954 -162.097259134028,16.6323764959957 -162.052343575278,16.6323764959957 -162.052343575278,16.677368847296 -162.007428016529,16.677368847296 -162.007428016529,16.7223611985963 -161.962512457779,16.7223611985963 -161.962512457779,16.7673535498965 -161.91759689903,16.7673535498965 -161.91759689903,16.8573382524971 -161.87268134028,16.8573382524971 -161.87268134028,16.9023306037974 -161.827765781531,16.9023306037974 -161.827765781531,16.9473229550977 -161.782850222781,16.9473229550977 -161.782850222781,16.9923153063979 -161.737934664031,16.9923153063979 -161.737934664031,17.0373076576982 -161.693019105282,17.0373076576982 -161.693019105282,17.0823000089985 -161.648103546532,17.0823000089985 -161.648103546532,17.1272923602988 -161.603187987783,17.1272923602988 -161.603187987783,17.172284711599 -161.558272429033,17.172284711599 -161.558272429033,17.2172770628993 -161.513356870284,17.2172770628993 -161.513356870284,17.2622694141996 -161.468441311534,17.2622694141996 -161.468441311534,17.3072617654999 -161.423525752785,17.3072617654999 -161.423525752785,17.3522541168002 -161.378610194035,17.3522541168002 -161.378610194035,17.4422388194007 -161.333694635285,17.4422388194007 -161.333694635285,17.487231170701 -161.288779076536,17.487231170701 -161.288779076536,17.5772158733016 -161.243863517786,17.5772158733016 -161.243863517786,17.6672005759021 -161.198947959037,17.6672005759021 -161.198947959037,17.7571852785027 -161.154032400287,17.7571852785027 -161.154032400287,17.8471699811032 -161.109116841538,17.8471699811032 -161.109116841538,17.9371546837038 -161.064201282788,17.9371546837038 -161.064201282788,18.0721317376046 -161.019285724039,18.0721317376046 -161.019285724039,18.1621164402052 -160.974370165289,18.1621164402052 -160.974370165289,18.2521011428057 -160.92945460654,18.2521011428057 -160.92945460654,18.3420858454063 -160.88453904779,18.3420858454063 -160.88453904779,18.4320705480069 -160.83962348904,18.4320705480069 -160.83962348904,18.5220552506074 -160.794707930291,18.5220552506074 -160.794707930291,18.612039953208 -160.749792371541,18.612039953208 -160.749792371541,18.7020246558085 -160.704876812792,18.7020246558085 -160.704876812792,18.7920093584091 -160.659961254042,18.7920093584091 -160.659961254042,18.9269864123099 -160.615045695293,18.9269864123099 -160.615045695293,19.0169711149105 -160.570130136543,19.0169711149105 -160.570130136543,19.106955817511 -160.525214577794,19.106955817511 -160.525214577794,19.2419328714119 -160.480299019044,19.2419328714119 -160.480299019044,19.3319175740124 -160.435383460294,19.3319175740124 -160.435383460294,19.4668946279133 -160.390467901545,19.4668946279133 -160.390467901545,19.5568793305138 -160.345552342795,19.5568793305138 -160.345552342795,19.6918563844147 -160.300636784046,19.6918563844147 -160.300636784046,19.8268334383155 -160.255721225296,19.8268334383155 -160.255721225296,19.9618104922163 -160.210805666547,19.9618104922163 -160.210805666547,20.0517951948169 -160.165890107797,20.0517951948169 -160.165890107797,20.1867722487177 -160.120974549048,20.1867722487177 -160.120974549048,20.2767569513183 -160.076058990298,20.2767569513183 -160.076058990298,20.4117340052191 -160.031143431549,20.4117340052191 -160.031143431549,20.54671105912 -159.986227872799,20.54671105912 -159.986227872799,20.6366957617205 -159.941312314049,20.6366957617205 -159.941312314049,20.7716728156214 -159.8963967553,20.7716728156214 -159.8963967553,20.9066498695222 -159.85148119655,20.9066498695222 -159.85148119655,21.041626923423 -159.806565637801,21.041626923423 -159.806565637801,21.5365427877261 -159.761650079051,21.5365427877261 -159.761650079051,21.9864663007289 -159.716734520302,21.9864663007289 -159.716734520302,22.481382165032 -159.671818961552,22.481382165032 -159.671818961552,22.976298029335 -159.626903402803,22.976298029335 -159.626903402803,23.2012597858364 -159.671818961552,23.2012597858364 -159.671818961552,23.5162062449384 -159.716734520302,23.5162062449384 -159.716734520302,23.8311527040403 -159.761650079051,23.8311527040403 -159.761650079051,24.1910915144426 -159.806565637801,24.1910915144426 -159.806565637801,24.5060379735445 -159.85148119655,24.5060379735445 -159.85148119655,24.8209844326465 -159.8963967553,24.8209844326465 -159.8963967553,24.910969135247 -159.941312314049,24.910969135247 -159.941312314049,25.0009538378476 -159.986227872799,25.0009538378476 -159.986227872799,25.0909385404482 -160.031143431549,25.0909385404482 -160.031143431549,25.1359308917484 -160.076058990298,25.1359308917484 -160.120974549048,25.1359308917484 -160.120974549048,25.1809232430487 -160.165890107797,25.1809232430487 -160.165890107797,25.225915594349 -160.210805666547,25.225915594349 -160.210805666547,25.2709079456493 -160.255721225296,25.2709079456493 -160.300636784046,25.2709079456493 -160.300636784046,25.3159002969495 -160.345552342795,25.3159002969495 -160.345552342795,25.3608926482498 -160.390467901545,25.3608926482498 -160.435383460294,25.3608926482498 -160.435383460294,25.4058849995501 -160.480299019044,25.4058849995501 -160.480299019044,25.4508773508504 -160.525214577794,25.4508773508504 -160.525214577794,25.4958697021507 -160.570130136543,25.4958697021507 -160.615045695293,25.4958697021507 -160.615045695293,25.5408620534509 -160.659961254042,25.5408620534509 -160.659961254042,25.5858544047512 -160.704876812792,25.5858544047512 -160.704876812792,25.6308467560515 -160.749792371541,25.6308467560515 -160.794707930291,25.6308467560515 -160.794707930291,25.6758391073518 -160.92945460654,25.6758391073518 -160.92945460654,25.5858544047512 -160.974370165289,25.5858544047512 -160.974370165289,25.4958697021507 -161.019285724039,25.4958697021507 -161.019285724039,25.4508773508504 -161.064201282788,25.4508773508504 -161.064201282788,25.3608926482498 -161.109116841538,25.3608926482498 -161.109116841538,25.2709079456493 -161.154032400287,25.2709079456493 -161.154032400287,25.1809232430487 -161.198947959037,25.1809232430487 -161.198947959037,25.1359308917484 -161.243863517786,25.1359308917484 -161.243863517786,25.0459461891479 -161.288779076536,25.0459461891479 -161.288779076536,24.9559614865473 -161.333694635285,24.9559614865473 -161.333694635285,24.8659767839468 -161.378610194035,24.8659767839468 -161.378610194035,24.3710609196437 -161.423525752785,24.3710609196437 -161.423525752785,23.8311527040403 -161.468441311534,23.8311527040403 -161.468441311534,23.2012597858364 -161.513356870284,23.2012597858364 -161.513356870284,22.7963286241339 -161.558272429033,22.7963286241339 -161.558272429033,22.481382165032 -161.603187987783,22.481382165032 -161.603187987783,22.1214433546297 -161.648103546532,22.1214433546297 -161.648103546532,21.7165121929272 -161.693019105282,21.7165121929272 -161.693019105282,21.4015657338253 -161.737934664031,21.4015657338253 -161.737934664031,21.2665886799244 -161.782850222781,21.2665886799244 -161.782850222781,21.0866192747233 -161.827765781531,21.0866192747233 -161.827765781531,20.9516422208225 -161.87268134028,20.9516422208225 -161.87268134028,20.8166651669216 -161.91759689903,20.8166651669216 -161.91759689903,20.6366957617205 -161.962512457779,20.6366957617205 -161.962512457779,20.5017187078197 -162.007428016529,20.5017187078197 -162.007428016529,20.3217493026186 -162.052343575278,20.3217493026186 -162.052343575278,20.1867722487177 -162.097259134028,20.1867722487177 -162.097259134028,20.0517951948169 -162.142174692777,20.0517951948169 -162.142174692777,19.8718257896158 -162.187090251527,19.8718257896158 -162.187090251527,19.7818410870152 -162.232005810277,19.7818410870152 -162.232005810277,19.6468640331144 -162.276921369026,19.6468640331144 -162.276921369026,19.5568793305138 -162.321836927776,19.5568793305138 -162.321836927776,19.4668946279133 -162.366752486525,19.4668946279133 -162.366752486525,19.3769099253127 -162.411668045275,19.3769099253127 -162.411668045275,19.2869252227122 -162.456583604024,19.2869252227122 -162.456583604024,19.1519481688113 -162.501499162774,19.1519481688113 -162.501499162774,19.0619634662108 -162.546414721523,19.0619634662108 -162.546414721523,18.9719787636102 -162.591330280273,18.9719787636102 -162.591330280273,18.8819940610096 -162.636245839022,18.8819940610096 -162.636245839022,18.7920093584091 -162.681161397772,18.7920093584091 -162.681161397772,18.7020246558085 -162.726076956522,18.7020246558085 -162.726076956522,18.612039953208 -162.770992515271,18.612039953208 -162.770992515271,18.4770628993071 -162.815908074021,18.4770628993071 -162.815908074021,18.3870781967066 -162.86082363277,18.3870781967066 -162.86082363277,18.3420858454063 -162.90573919152,18.3420858454063 -162.90573919152,18.297093494106 -162.950654750269,18.297093494106 -162.950654750269,18.2071087915055 -162.995570309019,18.2071087915055 -162.995570309019,18.1621164402052 -163.040485867768,18.1621164402052 -163.040485867768,18.0721317376046 -163.085401426518,18.0721317376046 -163.085401426518,18.0271393863043 -163.130316985268,18.0271393863043 -163.130316985268,17.9371546837038 -163.175232544017,17.9371546837038 -163.175232544017,17.8921623324035 -163.220148102767,17.8921623324035 -163.220148102767,17.8471699811032 -163.265063661516,17.8471699811032 -163.265063661516,17.7571852785027 -163.309979220266,17.7571852785027 -163.309979220266,17.7121929272024 -163.354894779015,17.7121929272024 -163.354894779015,17.6222082246018 -163.399810337765,17.6222082246018 -163.399810337765,17.5772158733016 -163.444725896514,17.5772158733016 -163.444725896514,17.487231170701 -163.489641455264,17.487231170701 -163.489641455264,17.4422388194007 -163.534557014014,17.4422388194007 -163.534557014014,17.3522541168002 -163.579472572763,17.3522541168002 -163.579472572763,17.2622694141996 -163.624388131513,17.2622694141996 -163.624388131513,17.2172770628993 -163.669303690262,17.2172770628993 -163.669303690262,17.1272923602988 -163.714219249012,17.1272923602988 -163.714219249012,17.0373076576982 -163.759134807761,17.0373076576982 -163.759134807761,16.9473229550977 -163.804050366511,16.9473229550977 -163.804050366511,16.9023306037974 -163.84896592526,16.9023306037974 -163.84896592526,16.8123459011968 -163.89388148401,16.8123459011968 -163.89388148401,16.7223611985963 -163.938797042759,16.7223611985963 -163.938797042759,16.6323764959957 -163.983712601509,16.6323764959957 -163.983712601509,16.5873841446954 -164.028628160259,16.5873841446954 -164.028628160259,16.4973994420949 -164.073543719008,16.4973994420949 -164.073543719008,16.4074147394943 -164.118459277758,16.4074147394943 -164.118459277758,16.2724376855935 -164.163374836507,16.2724376855935 -164.163374836507,16.1824529829929 -164.208290395257,16.1824529829929 -164.208290395257,16.0474759290921 -164.253205954006,16.0474759290921 -164.253205954006,15.9574912264915 -164.298121512756,15.9574912264915 -164.298121512756,15.8225141725907 -164.343037071505,15.8225141725907 -164.343037071505,15.7325294699901 -164.387952630255,15.7325294699901 -164.387952630255,15.5075677134887 -164.432868189005,15.5075677134887 -164.432868189005,15.2376136056871 -164.477783747754,15.2376136056871 -164.477783747754,14.9676594978854 -164.522699306504,14.9676594978854 -164.522699306504,14.3827589309817 -164.477783747754,14.3827589309817 -164.477783747754,14.2477818770809 -164.432868189005,14.2477818770809 -164.432868189005,14.1128048231801 -164.387952630255,14.1128048231801 -164.387952630255,14.0678124718798 -164.343037071505,14.0678124718798 -164.343037071505,13.9778277692792 -164.298121512756,13.9778277692792 -164.298121512756,13.932835417979 -164.253205954006,13.932835417979 -164.253205954006,13.8878430666787 -164.208290395257,13.8878430666787 -164.208290395257,13.8428507153784 -164.163374836507,13.8428507153784 -164.163374836507,13.7528660127778 -164.118459277758,13.7528660127778 -164.118459277758,13.7078736614776 -164.073543719008,13.7078736614776 -164.073543719008,13.6628813101773 -164.028628160259,13.6628813101773 -164.028628160259,13.5728966075767 -163.983712601509,13.5728966075767 -163.983712601509,13.5279042562764 -163.938797042759,13.5279042562764 -163.938797042759,13.4829119049762 -163.89388148401,13.4829119049762 -163.89388148401,13.4379195536759 -163.84896592526,13.4379195536759 -163.84896592526,13.3479348510753 -163.804050366511,13.3479348510753 -163.804050366511,13.3029424997751 -163.759134807761,13.3029424997751 -163.759134807761,13.2579501484748 -163.714219249012,13.2579501484748 -163.714219249012,13.2129577971745 -163.669303690262,13.2129577971745 -163.669303690262,13.1229730945739 -163.624388131513,13.1229730945739 -163.579472572763,13.1229730945739 -163.579472572763,13.0779807432737 -163.534557014014,13.0779807432737 -163.534557014014,13.0329883919734 -163.489641455264,13.0329883919734 -163.489641455264,12.9879960406731 -163.444725896514,12.9879960406731 -163.399810337765,12.9879960406731 -163.399810337765,12.9430036893728 -163.354894779015,12.9430036893728 -163.354894779015,12.8980113380725 -163.309979220266,12.8980113380725 -163.265063661516,12.8980113380725 -163.265063661516,12.8530189867723 -163.220148102767,12.8530189867723 -163.175232544017,12.8530189867723 -163.175232544017,12.808026635472 -163.130316985268,12.808026635472 -163.085401426518,12.808026635472 -163.085401426518,12.7630342841717 -162.86082363277,12.7630342841717 -162.815908074021,12.7630342841717 -162.815908074021,12.7180419328714 -162.591330280273,12.7180419328714 -162.546414721523,12.7180419328714 -162.546414721523,12.6730495815711 -162.321836927776,12.6730495815711 -162.276921369026,12.6730495815711 -162.276921369026,12.6280572302709 -162.052343575278,12.6280572302709 -162.007428016529,12.6280572302709 -162.007428016529,12.5830648789706 -161.737934664031,12.5830648789706 -161.693019105282,12.5830648789706 -161.693019105282,12.5380725276703 -161.648103546532,12.5380725276703 -161.648103546532,12.5830648789706 -160.255721225296,12.5830648789706 -160.255721225296,12.6280572302709 -160.076058990298,12.6280572302709 -160.076058990298,12.6730495815711 -159.986227872799,12.6730495815711 -159.986227872799,12.7180419328714 -159.8963967553,12.7180419328714 -159.8963967553,12.7630342841717 -159.85148119655,12.7630342841717 -159.85148119655,12.808026635472 -159.761650079051,12.808026635472 -159.761650079051,12.8530189867723 -159.716734520302,12.8530189867723 -159.716734520302,12.8980113380725 -159.626903402803,12.8980113380725 -159.626903402803,12.9430036893728 -159.581987844053,12.9430036893728 -159.581987844053,12.9879960406731 -159.447241167804,12.9879960406731 -159.447241167804,13.0329883919734 -159.312494491556,13.0329883919734 -159.312494491556,13.0779807432737 -159.177747815307,13.0779807432737 -159.177747815307,13.1229730945739 -159.043001139058,13.1229730945739 -159.043001139058,13.1679654458742 -157.515872141574,13.1679654458742 -157.515872141574,13.1229730945739 -157.156547671577,13.1229730945739 -157.111632112828,13.1229730945739 -157.111632112828,13.0779807432737 -156.752307642831,13.0779807432737 -156.707392084082,13.0779807432737 -156.707392084082,13.0329883919734 -156.348067614085,13.0329883919734 -156.303152055336,13.0329883919734 -156.303152055336,12.9879960406731 -155.988743144089,12.9879960406731 -155.943827585339,12.9879960406731 -155.943827585339,12.9430036893728 -153.428556295365,12.9430036893728 -153.428556295365,12.9879960406731 -152.979400707869,12.9879960406731 -152.979400707869,13.0329883919734 -152.530245120373,13.0329883919734 -152.530245120373,13.0779807432737 -152.081089532878,13.0779807432737 -152.081089532878,13.1229730945739 -151.631933945382,13.1229730945739 -151.631933945382,13.1679654458742 -150.823453887891,13.1679654458742 -150.823453887891,13.2129577971745 -149.520902684154,13.2129577971745 -149.520902684154,13.2579501484748 -149.206493772907,13.2579501484748 -149.206493772907,13.3029424997751 -148.757338185411,13.3029424997751 -148.757338185411,13.3479348510753 -148.712422626662,13.3479348510753 -148.712422626662,13.4829119049762 -148.757338185411,13.4829119049762 -148.757338185411,13.5279042562764 -148.802253744161,13.5279042562764 -148.89208486166,13.5279042562764 -148.89208486166,13.5728966075767 -148.937000420409,13.5728966075767 -149.026831537908,13.5728966075767 -149.026831537908,13.617888958877 -149.071747096658,13.617888958877 -149.206493772907,13.617888958877 -149.206493772907,13.6628813101773 -149.251409331656,13.6628813101773 -149.341240449155,13.6628813101773 -149.341240449155,13.7078736614776 -149.386156007905,13.7078736614776 -149.475987125404,13.7078736614776 -149.475987125404,13.7528660127778 -149.520902684154,13.7528660127778 -149.610733801653,13.7528660127778 -149.610733801653,13.7978583640781 -149.655649360402,13.7978583640781 -149.745480477901,13.7978583640781 -149.745480477901,13.8428507153784 -149.790396036651,13.8428507153784 -150.823453887891,13.8428507153784 -150.823453887891,13.8878430666787 -150.86836944664,13.8878430666787 -151.048031681638,13.8878430666787 -151.048031681638,13.932835417979 -151.092947240388,13.932835417979 -151.272609475386,13.932835417979</coordinates></LinearRing></innerBoundaryIs></Polygon></Placemark>
  <Placemark><name>34</name><Style><LineStyle><color>FF000000</color></LineStyle><PolyStyle><fill>1</fill><color>3c14B4FA</color></PolyStyle></Style>
        <Polygon><outerBoundaryIs><LinearRing><coordinates>-133.710626004312,10.2434626113561 -133.710626004312,10.2884549626564 -133.755541563061,10.2884549626564 -133.84537268056,10.2884549626564 -133.84537268056,10.3334473139566 -133.89028823931,10.3334473139566 -133.935203798059,10.3334473139566 -133.935203798059,10.3784396652569 -133.980119356809,10.3784396652569 -134.025034915558,10.3784396652569 -134.025034915558,10.4234320165572 -134.069950474308,10.4234320165572 -134.114866033058,10.4234320165572 -134.114866033058,10.4684243678575 -134.159781591807,10.4684243678575 -134.159781591807,10.5134167191578 -134.204697150557,10.5134167191578 -134.204697150557,10.558409070458 -134.249612709306,10.558409070458 -134.249612709306,10.6034014217583 -134.294528268056,10.6034014217583 -134.294528268056,10.6483937730586 -134.339443826805,10.6483937730586 -134.339443826805,10.6933861243589 -134.384359385555,10.6933861243589 -134.384359385555,10.7833708269594 -134.429274944304,10.7833708269594 -134.429274944304,10.87335552956 -134.474190503054,10.87335552956 -134.474190503054,11.0533249347611 -134.519106061803,11.0533249347611 -134.519106061803,11.3682713938631 -134.474190503054,11.3682713938631 -134.474190503054,11.5482407990642 -134.429274944304,11.5482407990642 -134.429274944304,11.6382255016647 -134.384359385555,11.6382255016647 -134.384359385555,11.7282102042653 -134.429274944304,11.7282102042653 -134.519106061803,11.7282102042653 -134.519106061803,11.7732025555656 -134.564021620553,11.7732025555656 -134.698768296802,11.7732025555656 -134.698768296802,11.8181949068658 -134.743683855551,11.8181949068658 -134.83351497305,11.8181949068658 -134.83351497305,11.8631872581661 -134.8784305318,11.8631872581661 -134.968261649299,11.8631872581661 -134.968261649299,11.9081796094664 -135.013177208049,11.9081796094664 -135.147923884297,11.9081796094664 -135.147923884297,11.9531719607667 -135.192839443047,11.9531719607667 -135.282670560546,11.9531719607667 -135.282670560546,11.998164312067 -135.327586119295,11.998164312067 -135.417417236795,11.998164312067 -135.417417236795,12.0431566633672 -135.462332795544,12.0431566633672 -135.507248354294,12.0431566633672 -135.507248354294,12.0881490146675 -135.552163913043,12.0881490146675 -135.641995030542,12.0881490146675 -135.641995030542,12.1331413659678 -135.686910589292,12.1331413659678 -135.731826148041,12.1331413659678 -135.731826148041,12.1781337172681 -135.776741706791,12.1781337172681 -135.86657282429,12.1781337172681 -135.86657282429,12.2231260685684 -135.91148838304,12.2231260685684 -136.091150618038,12.2231260685684 -136.091150618038,12.2681184198686 -136.136066176787,12.2681184198686 -136.315728411786,12.2681184198686 -136.315728411786,12.3131107711689 -136.360643970535,12.3131107711689 -136.540306205533,12.3131107711689 -136.540306205533,12.3581031224692 -136.585221764283,12.3581031224692 -136.809799558031,12.3581031224692 -136.809799558031,12.4030954737695 -136.85471511678,12.4030954737695 -137.169124028027,12.4030954737695 -137.169124028027,12.4480878250698 -137.214039586777,12.4480878250698 -137.708110733022,12.4480878250698 -137.708110733022,12.49308017637 -137.753026291771,12.49308017637 -139.235239730506,12.49308017637 -139.235239730506,12.5380725276703 -139.280155289256,12.5380725276703 -139.819141994251,12.5380725276703 -139.819141994251,12.5830648789706 -142.109835490478,12.5830648789706 -142.109835490478,12.5380725276703 -142.424244401724,12.5380725276703 -142.424244401724,12.49308017637 -142.738653312971,12.49308017637 -142.738653312971,12.4480878250698 -142.963231106719,12.4480878250698 -142.963231106719,12.4030954737695 -143.187808900467,12.4030954737695 -143.187808900467,12.3581031224692 -143.367471135465,12.3581031224692 -143.367471135465,12.3131107711689 -143.592048929213,12.3131107711689 -143.592048929213,12.2681184198686 -143.771711164211,12.2681184198686 -143.771711164211,12.2231260685684 -143.996288957959,12.2231260685684 -143.996288957959,12.1781337172681 -144.131035634207,12.1781337172681 -144.131035634207,12.1331413659678 -144.355613427955,12.1331413659678 -144.355613427955,12.0881490146675 -144.535275662953,12.0881490146675 -144.535275662953,12.0431566633672 -144.714937897952,12.0431566633672 -144.714937897952,11.998164312067 -144.89460013295,11.998164312067 -144.89460013295,11.9531719607667 -145.074262367948,11.9531719607667 -145.074262367948,11.9081796094664 -145.253924602946,11.9081796094664 -145.253924602946,11.8631872581661 -146.556475806683,11.8631872581661 -146.556475806683,11.9081796094664 -146.601391365433,11.9081796094664 -147.005631394179,11.9081796094664 -147.005631394179,11.9531719607667 -147.050546952928,11.9531719607667 -147.454786981674,11.9531719607667 -147.454786981674,11.998164312067 -147.499702540424,11.998164312067 -147.948858127919,11.998164312067 -147.948858127919,12.0431566633672 -147.993773686669,12.0431566633672 -148.442929274164,12.0431566633672 -148.442929274164,12.0881490146675 -148.487844832914,12.0881490146675 -148.712422626662,12.0881490146675 -148.712422626662,12.1331413659678 -148.757338185411,12.1331413659678 -148.84716930291,12.1331413659678 -148.84716930291,12.1781337172681 -148.89208486166,12.1781337172681 -148.981915979159,12.1781337172681 -148.981915979159,12.2231260685684 -149.026831537908,12.2231260685684 -149.116662655408,12.2231260685684 -149.116662655408,12.2681184198686 -149.475987125404,12.2681184198686 -149.475987125404,12.2231260685684 -149.790396036651,12.2231260685684 -149.790396036651,12.1781337172681 -150.823453887891,12.1781337172681 -150.823453887891,12.2231260685684 -150.86836944664,12.2231260685684 -151.137862799137,12.2231260685684 -151.137862799137,12.2681184198686 -151.182778357887,12.2681184198686 -151.407356151635,12.2681184198686 -151.407356151635,12.3131107711689 -151.452271710384,12.3131107711689 -151.676849504132,12.3131107711689 -151.676849504132,12.3581031224692 -151.721765062882,12.3581031224692 -151.991258415379,12.3581031224692 -151.991258415379,12.4030954737695 -152.036173974128,12.4030954737695 -152.620076237873,12.4030954737695 -152.620076237873,12.4480878250698 -152.664991796622,12.4480878250698 -152.664991796622,12.4030954737695 -153.114147384118,12.4030954737695 -153.114147384118,12.3581031224692 -153.563302971613,12.3581031224692 -153.563302971613,12.3131107711689 -155.090431969098,12.3131107711689 -155.090431969098,12.2681184198686 -155.584503115343,12.2681184198686 -155.584503115343,12.2231260685684 -156.213320937837,12.2231260685684 -156.213320937837,12.1781337172681 -156.84213876033,12.1781337172681 -156.84213876033,12.2231260685684 -156.88705431908,12.2231260685684 -157.291294347826,12.2231260685684 -157.291294347826,12.2681184198686 -157.470956582824,12.2681184198686 -157.470956582824,12.2231260685684 -157.695534376572,12.2231260685684 -157.695534376572,12.1781337172681 -157.92011217032,12.1781337172681 -157.92011217032,12.1331413659678 -158.818423345311,12.1331413659678 -158.818423345311,12.0881490146675 -158.90825446281,12.0881490146675 -158.90825446281,12.0431566633672 -158.953170021559,12.0431566633672 -158.953170021559,11.998164312067 -158.998085580309,11.998164312067 -158.998085580309,11.9531719607667 -159.043001139058,11.9531719607667 -159.043001139058,11.9081796094664 -159.132832256557,11.9081796094664 -159.132832256557,11.8631872581661 -159.177747815307,11.8631872581661 -159.177747815307,11.8181949068658 -159.222663374057,11.8181949068658 -159.222663374057,11.7732025555656 -159.312494491556,11.7732025555656 -159.312494491556,11.7282102042653 -159.402325609055,11.7282102042653 -159.402325609055,11.683217852965 -159.492156726554,11.683217852965 -159.492156726554,11.6382255016647 -159.581987844053,11.6382255016647 -159.581987844053,11.5932331503645 -159.716734520302,11.5932331503645 -159.716734520302,11.5482407990642 -159.85148119655,11.5482407990642 -159.85148119655,11.5032484477639 -162.007428016529,11.5032484477639 -162.007428016529,11.5482407990642 -162.052343575278,11.5482407990642 -162.276921369026,11.5482407990642 -162.276921369026,11.5932331503645 -162.321836927776,11.5932331503645 -162.546414721523,11.5932331503645 -162.546414721523,11.6382255016647 -162.591330280273,11.6382255016647 -162.815908074021,11.6382255016647 -162.815908074021,11.683217852965 -162.86082363277,11.683217852965 -163.130316985268,11.683217852965 -163.130316985268,11.7282102042653 -163.175232544017,11.7282102042653 -163.444725896514,11.7282102042653 -163.444725896514,11.7732025555656 -163.489641455264,11.7732025555656 -163.669303690262,11.7732025555656 -163.669303690262,11.8181949068658 -163.714219249012,11.8181949068658 -163.759134807761,11.8181949068658 -163.759134807761,11.8631872581661 -163.804050366511,11.8631872581661 -163.84896592526,11.8631872581661 -163.84896592526,11.9081796094664 -163.89388148401,11.9081796094664 -163.983712601509,11.9081796094664 -163.983712601509,11.9531719607667 -164.028628160259,11.9531719607667 -164.028628160259,11.998164312067 -164.073543719008,11.998164312067 -164.118459277758,11.998164312067 -164.118459277758,12.0431566633672 -164.163374836507,12.0431566633672 -164.208290395257,12.0431566633672 -164.208290395257,12.0881490146675 -164.253205954006,12.0881490146675 -164.253205954006,12.1331413659678 -164.298121512756,12.1331413659678 -164.298121512756,12.1781337172681 -164.343037071505,12.1781337172681 -164.343037071505,12.2231260685684 -164.387952630255,12.2231260685684 -164.432868189005,12.2231260685684 -164.432868189005,12.2681184198686 -164.477783747754,12.2681184198686 -164.477783747754,12.3131107711689 -164.522699306504,12.3131107711689 -164.522699306504,12.3581031224692 -164.567614865253,12.3581031224692 -164.567614865253,12.4030954737695 -164.612530424003,12.4030954737695 -164.657445982752,12.4030954737695 -164.657445982752,12.4480878250698 -164.702361541502,12.4480878250698 -164.702361541502,12.49308017637 -164.747277100251,12.49308017637 -164.747277100251,12.5380725276703 -164.792192659001,12.5380725276703 -164.792192659001,12.5830648789706 -164.83710821775,12.5830648789706 -164.83710821775,12.6280572302709 -164.8820237765,12.6280572302709 -164.8820237765,12.6730495815711 -164.92693933525,12.6730495815711 -164.971854893999,12.6730495815711 -164.971854893999,12.7630342841717 -165.016770452749,12.7630342841717 -165.016770452749,12.808026635472 -165.061686011498,12.808026635472 -165.061686011498,12.8530189867723 -165.106601570248,12.8530189867723 -165.106601570248,12.9430036893728 -165.151517128997,12.9430036893728 -165.151517128997,12.9879960406731 -165.196432687747,12.9879960406731 -165.196432687747,13.0329883919734 -165.241348246496,13.0329883919734 -165.241348246496,13.1229730945739 -165.286263805246,13.1229730945739 -165.286263805246,13.1679654458742 -165.331179363996,13.1679654458742 -165.331179363996,13.2129577971745 -165.376094922745,13.2129577971745 -165.376094922745,13.3029424997751 -165.421010481495,13.3029424997751 -165.421010481495,13.3479348510753 -165.465926040244,13.3479348510753 -165.465926040244,13.4379195536759 -165.510841598994,13.4379195536759 -165.510841598994,13.4829119049762 -165.555757157743,13.4829119049762 -165.555757157743,13.5728966075767 -165.600672716493,13.5728966075767 -165.600672716493,13.617888958877 -165.645588275242,13.617888958877 -165.645588275242,13.7078736614776 -165.690503833992,13.7078736614776 -165.690503833992,13.7978583640781 -165.735419392742,13.7978583640781 -165.735419392742,13.932835417979 -165.780334951491,13.932835417979 -165.780334951491,14.0228201205795 -165.825250510241,14.0228201205795 -165.825250510241,14.1577971744804 -165.87016606899,14.1577971744804 -165.87016606899,14.3377665796815 -165.91508162774,14.3377665796815 -165.91508162774,14.6077206874831 -165.959997186489,14.6077206874831 -165.959997186489,15.3275983082876 -165.91508162774,15.3275983082876 -165.91508162774,15.6425447673896 -165.87016606899,15.6425447673896 -165.87016606899,15.9124988751912 -165.825250510241,15.9124988751912 -165.825250510241,16.1824529829929 -165.780334951491,16.1824529829929 -165.780334951491,16.362422388194 -165.735419392742,16.362422388194 -165.735419392742,16.4973994420949 -165.690503833992,16.4973994420949 -165.690503833992,16.5873841446954 -165.645588275242,16.5873841446954 -165.645588275242,16.677368847296 -165.600672716493,16.677368847296 -165.600672716493,16.8123459011968 -165.555757157743,16.8123459011968 -165.555757157743,16.9023306037974 -165.510841598994,16.9023306037974 -165.510841598994,16.9923153063979 -165.465926040244,16.9923153063979 -165.465926040244,17.0823000089985 -165.421010481495,17.0823000089985 -165.421010481495,17.172284711599 -165.376094922745,17.172284711599 -165.376094922745,17.3072617654999 -165.331179363996,17.3072617654999 -165.331179363996,17.3972464681004 -165.286263805246,17.3972464681004 -165.286263805246,17.487231170701 -165.241348246496,17.487231170701 -165.241348246496,17.5772158733016 -165.196432687747,17.5772158733016 -165.196432687747,17.6222082246018 -165.151517128997,17.6222082246018 -165.151517128997,17.7121929272024 -165.106601570248,17.7121929272024 -165.106601570248,17.802177629803 -165.061686011498,17.802177629803 -165.061686011498,17.8921623324035 -165.016770452749,17.8921623324035 -165.016770452749,17.9821470350041 -164.971854893999,17.9821470350041 -164.971854893999,18.0721317376046 -164.92693933525,18.0721317376046 -164.92693933525,18.1171240889049 -164.8820237765,18.1171240889049 -164.8820237765,18.2071087915055 -164.83710821775,18.2071087915055 -164.83710821775,18.297093494106 -164.792192659001,18.297093494106 -164.792192659001,18.3870781967066 -164.747277100251,18.3870781967066 -164.747277100251,18.4770628993071 -164.702361541502,18.4770628993071 -164.702361541502,18.5220552506074 -164.657445982752,18.5220552506074 -164.657445982752,18.612039953208 -164.612530424003,18.612039953208 -164.612530424003,18.6570323045083 -164.567614865253,18.6570323045083 -164.567614865253,18.7470170071088 -164.522699306504,18.7470170071088 -164.522699306504,18.7920093584091 -164.477783747754,18.7920093584091 -164.477783747754,18.8370017097094 -164.432868189005,18.8370017097094 -164.432868189005,18.9269864123099 -164.387952630255,18.9269864123099 -164.387952630255,18.9719787636102 -164.343037071505,18.9719787636102 -164.343037071505,19.0619634662108 -164.298121512756,19.0619634662108 -164.298121512756,19.106955817511 -164.253205954006,19.106955817511 -164.253205954006,19.1969405201116 -164.208290395257,19.1969405201116 -164.208290395257,19.2419328714119 -164.163374836507,19.2419328714119 -164.163374836507,19.3319175740124 -164.118459277758,19.3319175740124 -164.118459277758,19.3769099253127 -164.073543719008,19.3769099253127 -164.073543719008,19.4668946279133 -164.028628160259,19.4668946279133 -164.028628160259,19.5568793305138 -163.983712601509,19.5568793305138 -163.983712601509,19.6468640331144 -163.938797042759,19.6468640331144 -163.938797042759,19.736848735715 -163.89388148401,19.736848735715 -163.89388148401,19.8718257896158 -163.84896592526,19.8718257896158 -163.84896592526,19.9618104922163 -163.804050366511,19.9618104922163 -163.804050366511,20.0517951948169 -163.759134807761,20.0517951948169 -163.759134807761,20.1417798974175 -163.714219249012,20.1417798974175 -163.714219249012,20.231764600018 -163.669303690262,20.231764600018 -163.669303690262,20.3667416539189 -163.624388131513,20.3667416539189 -163.624388131513,20.4567263565194 -163.579472572763,20.4567263565194 -163.579472572763,20.54671105912 -163.534557014014,20.54671105912 -163.534557014014,20.6366957617205 -163.489641455264,20.6366957617205 -163.489641455264,20.7716728156214 -163.444725896514,20.7716728156214 -163.444725896514,20.9066498695222 -163.399810337765,20.9066498695222 -163.399810337765,21.041626923423 -163.354894779015,21.041626923423 -163.354894779015,21.1766039773239 -163.309979220266,21.1766039773239 -163.309979220266,21.3115810312247 -163.265063661516,21.3115810312247 -163.265063661516,21.4465580851256 -163.220148102767,21.4465580851256 -163.220148102767,21.5815351390264 -163.175232544017,21.5815351390264 -163.175232544017,21.8064968955278 -163.220148102767,21.8064968955278 -163.220148102767,22.0314586520292 -163.265063661516,22.0314586520292 -163.265063661516,22.1214433546297 -163.309979220266,22.1214433546297 -163.309979220266,22.3014127598309 -163.354894779015,22.3014127598309 -163.354894779015,22.4363898137317 -163.399810337765,22.4363898137317 -163.399810337765,22.5713668676325 -163.444725896514,22.5713668676325 -163.444725896514,22.7063439215334 -163.489641455264,22.7063439215334 -163.489641455264,22.8413209754342 -163.534557014014,22.8413209754342 -163.534557014014,23.0212903806353 -163.579472572763,23.0212903806353 -163.579472572763,23.1112750832359 -163.624388131513,23.1112750832359 -163.624388131513,23.3812291910376 -163.669303690262,23.3812291910376 -163.669303690262,23.6061909475389 -163.714219249012,23.6061909475389 -163.714219249012,24.101106811842 -163.669303690262,24.101106811842 -163.669303690262,24.416053270944 -163.624388131513,24.416053270944 -163.624388131513,24.6410150274454 -163.579472572763,24.6410150274454 -163.579472572763,24.8659767839468 -163.534557014014,24.8659767839468 -163.534557014014,25.1359308917484 -163.489641455264,25.1359308917484 -163.489641455264,25.3608926482498 -163.534557014014,25.3608926482498 -163.534557014014,25.6308467560515 -163.579472572763,25.6308467560515 -163.579472572763,25.8558085125529 -163.624388131513,25.8558085125529 -163.624388131513,26.0807702690543 -163.669303690262,26.0807702690543 -163.669303690262,26.350724376856 -163.714219249012,26.350724376856 -163.714219249012,26.5756861333574 -163.759134807761,26.5756861333574 -163.759134807761,26.7556555385585 -163.804050366511,26.7556555385585 -163.804050366511,26.8006478898588 -163.84896592526,26.8006478898588 -163.84896592526,26.845640241159 -163.89388148401,26.845640241159 -163.89388148401,26.9356249437596 -163.938797042759,26.9356249437596 -163.938797042759,26.9806172950599 -163.983712601509,26.9806172950599 -163.983712601509,27.0706019976604 -164.028628160259,27.0706019976604 -164.073543719008,27.0706019976604 -164.073543719008,27.2055790515613 -164.118459277758,27.2055790515613 -164.163374836507,27.2055790515613 -164.163374836507,27.2955637541618 -164.208290395257,27.2955637541618 -164.208290395257,27.3405561054621 -164.253205954006,27.3405561054621 -164.253205954006,27.3855484567624 -164.298121512756,27.3855484567624 -164.298121512756,27.4755331593629 -164.343037071505,27.4755331593629 -164.343037071505,27.5205255106632 -164.387952630255,27.5205255106632 -164.387952630255,27.6105102132638 -164.432868189005,27.6105102132638 -164.432868189005,27.6555025645641 -164.477783747754,27.6555025645641 -164.477783747754,27.7004949158643 -164.522699306504,27.7004949158643 -164.522699306504,27.7904796184649 -164.567614865253,27.7904796184649 -165.465926040244,27.7904796184649 -165.465926040244,27.8354719697652 -165.510841598994,27.8354719697652 -166.004912745239,27.8354719697652 -166.004912745239,27.8804643210655 -166.85830836148,27.8804643210655 -166.85830836148,27.8354719697652 -167.532041742724,27.8354719697652 -167.532041742724,27.7904796184649 -168.071028447718,27.7904796184649 -168.071028447718,27.8354719697652 -168.115944006468,27.8354719697652 -168.250690682716,27.8354719697652 -168.250690682716,27.8804643210655 -168.295606241466,27.8804643210655 -168.385437358965,27.8804643210655 -168.385437358965,27.9254566723657 -168.430352917715,27.9254566723657 -168.475268476464,27.9254566723657 -168.475268476464,27.970449023666 -168.520184035214,27.970449023666 -168.610015152713,27.970449023666 -168.610015152713,28.0154413749663 -168.654930711462,28.0154413749663 -168.744761828961,28.0154413749663 -168.744761828961,28.0604337262666 -168.789677387711,28.0604337262666 -169.328664092706,28.0604337262666 -169.328664092706,28.1054260775668 -169.373579651455,28.1054260775668 -169.508326327704,28.1054260775668 -169.508326327704,28.1504184288671 -169.553241886453,28.1504184288671 -169.598157445203,28.1504184288671 -169.598157445203,28.1954107801674 -169.643073003952,28.1954107801674 -169.687988562702,28.1954107801674 -169.687988562702,28.2404031314677 -169.732904121452,28.2404031314677 -169.777819680201,28.2404031314677 -169.777819680201,28.285395482768 -169.822735238951,28.285395482768 -169.822735238951,28.3303878340682 -169.8676507977,28.3303878340682 -169.8676507977,28.3753801853685 -169.91256635645,28.3753801853685 -169.91256635645,28.4653648879691 -169.957481915199,28.4653648879691 -169.957481915199,28.5553495905696 -170.002397473949,28.5553495905696 -170.002397473949,28.780311347071 -170.047313032698,28.780311347071 -170.047313032698,28.8253036983713 -170.092228591448,28.8253036983713 -170.541384178943,28.8253036983713 -170.541384178943,28.8702960496716 -170.586299737693,28.8702960496716 -170.721046413942,28.8702960496716 -170.721046413942,28.9152884009719 -170.765961972691,28.9152884009719 -170.85579309019,28.9152884009719 -170.85579309019,28.9602807522721 -170.90070864894,28.9602807522721 -170.945624207689,28.9602807522721 -170.945624207689,29.0052731035724 -170.990539766439,29.0052731035724 -171.035455325189,29.0052731035724 -171.035455325189,29.095257806173 -171.080370883938,29.095257806173 -171.125286442688,29.095257806173 -171.125286442688,29.1402501574733 -171.170202001437,29.1402501574733 -171.170202001437,29.1852425087735 -171.215117560187,29.1852425087735 -171.215117560187,29.2302348600738 -171.260033118936,29.2302348600738 -171.260033118936,29.3202195626744 -171.304948677686,29.3202195626744 -171.304948677686,29.3652119139747 -171.349864236435,29.3652119139747 -171.349864236435,29.4551966165752 -171.394779795185,29.4551966165752 -171.394779795185,29.5001889678755 -171.439695353934,29.5001889678755 -171.439695353934,29.6351660217763 -171.484610912684,29.6351660217763 -171.484610912684,29.8151354269774 -171.529526471434,29.8151354269774 -171.529526471434,30.3100512912805 -171.484610912684,30.3100512912805 -171.484610912684,30.4000359938811 -171.439695353934,30.4000359938811 -171.439695353934,30.4900206964816 -171.394779795185,30.4900206964816 -171.394779795185,30.5800053990822 -171.349864236435,30.5800053990822 -171.349864236435,30.6249977503825 -171.304948677686,30.6249977503825 -171.304948677686,30.6699901016827 -171.260033118936,30.6699901016827 -171.260033118936,30.714982452983 -171.215117560187,30.714982452983 -171.215117560187,30.7599748042833 -171.170202001437,30.7599748042833 -171.170202001437,30.8049671555836 -171.080370883938,30.8049671555836 -171.080370883938,30.8499595068839 -171.035455325189,30.8499595068839 -171.035455325189,30.8949518581841 -170.990539766439,30.8949518581841 -170.990539766439,30.9399442094844 -170.90070864894,30.9399442094844 -170.90070864894,30.9849365607847 -170.85579309019,30.9849365607847 -170.85579309019,31.029928912085 -170.765961972691,31.029928912085 -170.765961972691,31.0749212633853 -170.676130855192,31.0749212633853 -170.676130855192,31.1199136146855 -170.586299737693,31.1199136146855 -170.586299737693,31.1649059659858 -170.451553061444,31.1649059659858 -170.451553061444,31.2098983172861 -170.316806385196,31.2098983172861 -170.316806385196,31.2548906685864 -170.182059708947,31.2548906685864 -170.182059708947,31.2998830198867 -169.957481915199,31.2998830198867 -169.957481915199,31.3448753711869 -169.643073003952,31.3448753711869 -169.643073003952,31.3898677224872 -168.475268476464,31.3898677224872 -168.475268476464,31.4348600737875 -167.801535095221,31.4348600737875 -167.801535095221,31.4798524250878 -167.172717272727,31.4798524250878 -167.172717272727,31.5248447763881 -166.543899450233,31.5248447763881 -166.543899450233,31.5698371276883 -165.87016606899,31.5698371276883 -165.87016606899,31.6148294789886 -165.196432687747,31.6148294789886 -165.196432687747,31.6598218302889 -163.759134807761,31.6598218302889 -163.759134807761,31.6148294789886 -163.354894779015,31.6148294789886 -163.309979220266,31.6148294789886 -163.309979220266,31.5698371276883 -162.995570309019,31.5698371276883 -162.950654750269,31.5698371276883 -162.950654750269,31.5248447763881 -162.636245839022,31.5248447763881 -162.591330280273,31.5248447763881 -162.591330280273,31.4798524250878 -162.321836927776,31.4798524250878 -162.276921369026,31.4798524250878 -162.276921369026,31.4348600737875 -161.962512457779,31.4348600737875 -161.91759689903,31.4348600737875 -161.91759689903,31.3898677224872 -161.782850222781,31.3898677224872 -161.737934664031,31.3898677224872 -161.737934664031,31.3448753711869 -161.648103546532,31.3448753711869 -161.603187987783,31.3448753711869 -161.603187987783,31.2998830198867 -161.423525752785,31.2998830198867 -161.378610194035,31.2998830198867 -161.378610194035,31.2548906685864 -161.288779076536,31.2548906685864 -161.243863517786,31.2548906685864 -161.243863517786,31.2098983172861 -161.109116841538,31.2098983172861 -161.064201282788,31.2098983172861 -161.064201282788,31.1649059659858 -160.974370165289,31.1649059659858 -160.92945460654,31.1649059659858 -160.92945460654,31.1199136146855 -160.794707930291,31.1199136146855 -160.749792371541,31.1199136146855 -160.749792371541,31.0749212633853 -160.615045695293,31.0749212633853 -160.570130136543,31.0749212633853 -160.570130136543,31.029928912085 -160.435383460294,31.029928912085 -160.390467901545,31.029928912085 -160.390467901545,30.9849365607847 -160.345552342795,30.9849365607847 -160.300636784046,30.9849365607847 -160.300636784046,30.9399442094844 -160.120974549048,30.9399442094844 -160.076058990298,30.9399442094844 -160.076058990298,30.8949518581841 -159.986227872799,30.8949518581841 -159.941312314049,30.8949518581841 -159.941312314049,30.8499595068839 -159.85148119655,30.8499595068839 -159.806565637801,30.8499595068839 -159.806565637801,30.8049671555836 -159.716734520302,30.8049671555836 -159.671818961552,30.8049671555836 -159.671818961552,30.7599748042833 -159.581987844053,30.7599748042833 -159.537072285303,30.7599748042833 -159.537072285303,30.714982452983 -159.447241167804,30.714982452983 -159.402325609055,30.714982452983 -159.402325609055,30.6699901016827 -159.357410050305,30.6699901016827 -159.357410050305,30.6249977503825 -159.267578932806,30.6249977503825 -159.222663374057,30.6249977503825 -159.222663374057,30.5800053990822 -159.177747815307,30.5800053990822 -159.177747815307,30.5350130477819 -159.132832256557,30.5350130477819 -159.132832256557,30.4900206964816 -159.087916697808,30.4900206964816 -159.043001139058,30.4900206964816 -159.043001139058,30.4450283451814 -158.953170021559,30.4450283451814 -158.90825446281,30.4450283451814 -158.90825446281,30.4000359938811 -158.86333890406,30.4000359938811 -158.86333890406,30.3550436425808 -158.818423345311,30.3550436425808 -158.818423345311,30.3100512912805 -158.773507786561,30.3100512912805 -158.773507786561,30.2650589399802 -158.728592227812,30.2650589399802 -158.728592227812,30.22006658868 -158.683676669062,30.22006658868 -158.683676669062,30.1750742373797 -158.638761110312,30.1750742373797 -158.638761110312,30.1300818860794 -158.593845551563,30.1300818860794 -158.593845551563,30.0400971834788 -158.548929992813,30.0400971834788 -158.548929992813,29.9951048321786 -158.504014434064,29.9951048321786 -158.504014434064,29.9501124808783 -158.459098875314,29.9501124808783 -158.459098875314,29.8601277782777 -158.414183316565,29.8601277782777 -158.414183316565,29.8151354269774 -158.369267757815,29.8151354269774 -158.369267757815,29.7251507243769 -158.324352199066,29.7251507243769 -158.324352199066,29.6801583730766 -158.279436640316,29.6801583730766 -158.279436640316,29.6351660217763 -158.234521081566,29.6351660217763 -158.234521081566,29.5451813191758 -158.189605522817,29.5451813191758 -158.189605522817,29.5001889678755 -158.144689964067,29.5001889678755 -158.144689964067,29.4102042652749 -158.099774405318,29.4102042652749 -158.099774405318,29.3652119139747 -158.054858846568,29.3652119139747 -158.054858846568,29.3202195626744 -158.009943287819,29.3202195626744 -158.009943287819,29.2752272113741 -157.965027729069,29.2752272113741 -157.965027729069,29.1402501574733 -157.92011217032,29.1402501574733 -157.92011217032,29.095257806173 -157.87519661157,29.095257806173 -157.87519661157,28.9602807522721 -157.830281052821,28.9602807522721 -157.830281052821,28.8702960496716 -157.785365494071,28.8702960496716 -157.785365494071,28.8253036983713 -157.740449935321,28.8253036983713 -157.740449935321,28.780311347071 -157.785365494071,28.780311347071 -157.785365494071,28.7353189957708 -157.740449935321,28.7353189957708 -157.740449935321,28.6453342931702 -157.695534376572,28.6453342931702 -157.695534376572,28.4653648879691 -157.650618817822,28.4653648879691 -157.650618817822,28.285395482768 -157.605703259073,28.285395482768 -157.605703259073,27.970449023666 -157.560787700323,27.970449023666 -157.560787700323,27.6555025645641 -157.515872141574,27.6555025645641 -157.515872141574,27.2955637541618 -157.470956582824,27.2955637541618 -157.470956582824,26.9356249437596 -157.426041024075,26.9356249437596 -157.426041024075,26.2157473229551 -157.470956582824,26.2157473229551 -157.470956582824,25.9907855664537 -157.515872141574,25.9907855664537 -157.515872141574,25.7658238099523 -157.560787700323,25.7658238099523 -157.560787700323,25.4958697021507 -157.605703259073,25.4958697021507 -157.605703259073,25.2709079456493 -157.650618817822,25.2709079456493 -157.650618817822,25.0459461891479 -157.695534376572,25.0459461891479 -157.695534376572,24.5960226761451 -157.650618817822,24.5960226761451 -157.650618817822,24.1460991631423 -157.605703259073,24.1460991631423 -157.605703259073,23.6961756501395 -157.560787700323,23.6961756501395 -157.560787700323,23.6511832988392 -157.605703259073,23.6511832988392 -157.605703259073,23.6061909475389 -157.560787700323,23.6061909475389 -157.560787700323,23.291244488437 -157.605703259073,23.291244488437 -157.605703259073,22.976298029335 -157.650618817822,22.976298029335 -157.650618817822,22.7513362728336 -157.695534376572,22.7513362728336 -157.695534376572,22.5713668676325 -157.740449935321,22.5713668676325 -157.740449935321,22.3464051111311 -157.785365494071,22.3464051111311 -157.785365494071,22.16643570593 -157.830281052821,22.16643570593 -157.830281052821,21.9864663007289 -157.87519661157,21.9864663007289 -157.87519661157,21.7615045442275 -157.92011217032,21.7615045442275 -157.92011217032,21.5815351390264 -157.965027729069,21.5815351390264 -157.965027729069,21.356573382525 -158.009943287819,21.356573382525 -158.009943287819,21.1766039773239 -158.054858846568,21.1766039773239 -158.054858846568,20.9516422208225 -158.099774405318,20.9516422208225 -158.099774405318,20.7716728156214 -158.144689964067,20.7716728156214 -158.144689964067,20.6366957617205 -158.189605522817,20.6366957617205 -158.189605522817,20.5017187078197 -158.234521081566,20.5017187078197 -158.234521081566,20.4117340052191 -158.279436640316,20.4117340052191 -158.279436640316,20.3217493026186 -158.324352199066,20.3217493026186 -158.324352199066,20.1867722487177 -158.369267757815,20.1867722487177 -158.369267757815,20.0967875461172 -158.414183316565,20.0967875461172 -158.414183316565,20.0068028435166 -158.459098875314,20.0068028435166 -158.459098875314,19.8718257896158 -158.504014434064,19.8718257896158 -158.504014434064,19.7818410870152 -158.548929992813,19.7818410870152 -158.548929992813,19.6918563844147 -158.593845551563,19.6918563844147 -158.593845551563,19.6018716818141 -158.638761110312,19.6018716818141 -158.638761110312,19.4668946279133 -158.683676669062,19.4668946279133 -158.683676669062,19.3769099253127 -158.728592227812,19.3769099253127 -158.728592227812,19.2869252227122 -158.773507786561,19.2869252227122 -158.773507786561,19.1519481688113 -158.818423345311,19.1519481688113 -158.818423345311,19.0619634662108 -158.86333890406,19.0619634662108 -158.86333890406,18.9719787636102 -158.90825446281,18.9719787636102 -158.90825446281,18.8370017097094 -158.953170021559,18.8370017097094 -158.953170021559,18.7470170071088 -158.998085580309,18.7470170071088 -158.998085580309,18.6570323045083 -159.043001139058,18.6570323045083 -159.043001139058,18.5220552506074 -159.087916697808,18.5220552506074 -159.087916697808,18.4320705480069 -159.132832256557,18.4320705480069 -159.132832256557,18.3870781967066 -159.177747815307,18.3870781967066 -159.177747815307,18.297093494106 -159.222663374057,18.297093494106 -159.222663374057,18.2071087915055 -159.267578932806,18.2071087915055 -159.267578932806,18.1171240889049 -159.312494491556,18.1171240889049 -159.312494491556,18.0721317376046 -159.357410050305,18.0721317376046 -159.357410050305,17.9821470350041 -159.402325609055,17.9821470350041 -159.402325609055,17.8921623324035 -159.447241167804,17.8921623324035 -159.447241167804,17.8471699811032 -159.492156726554,17.8471699811032 -159.492156726554,17.7571852785027 -159.537072285303,17.7571852785027 -159.537072285303,17.6672005759021 -159.581987844053,17.6672005759021 -159.581987844053,17.6222082246018 -159.626903402803,17.6222082246018 -159.626903402803,17.5322235220013 -159.671818961552,17.5322235220013 -159.671818961552,17.4422388194007 -159.716734520302,17.4422388194007 -159.716734520302,17.3522541168002 -159.761650079051,17.3522541168002 -159.761650079051,17.3072617654999 -159.806565637801,17.3072617654999 -159.806565637801,17.2172770628993 -159.85148119655,17.2172770628993 -159.85148119655,17.1272923602988 -159.8963967553,17.1272923602988 -159.8963967553,17.0823000089985 -159.941312314049,17.0823000089985 -159.941312314049,16.9923153063979 -159.986227872799,16.9923153063979 -159.986227872799,16.9023306037974 -160.031143431549,16.9023306037974 -160.031143431549,16.8573382524971 -160.076058990298,16.8573382524971 -160.076058990298,16.7673535498965 -160.120974549048,16.7673535498965 -160.120974549048,16.7223611985963 -160.165890107797,16.7223611985963 -160.165890107797,16.6323764959957 -160.210805666547,16.6323764959957 -160.210805666547,16.5873841446954 -160.255721225296,16.5873841446954 -160.255721225296,16.5423917933951 -160.300636784046,16.5423917933951 -160.300636784046,16.4524070907946 -160.345552342795,16.4524070907946 -160.345552342795,16.4074147394943 -160.390467901545,16.4074147394943 -160.390467901545,16.3174300368937 -160.435383460294,16.3174300368937 -160.435383460294,16.2724376855935 -160.480299019044,16.2724376855935 -160.480299019044,16.2274453342932 -160.525214577794,16.2274453342932 -160.525214577794,16.1374606316926 -160.570130136543,16.1374606316926 -160.570130136543,16.0924682803924 -160.615045695293,16.0924682803924 -160.615045695293,16.0024835777918 -160.659961254042,16.0024835777918 -160.659961254042,15.9574912264915 -160.704876812792,15.9574912264915 -160.704876812792,15.9124988751912 -160.749792371541,15.9124988751912 -160.749792371541,15.8225141725907 -160.794707930291,15.8225141725907 -160.794707930291,15.7325294699901 -160.83962348904,15.7325294699901 -160.83962348904,15.6425447673896 -160.88453904779,15.6425447673896 -160.88453904779,15.5975524160893 -160.92945460654,15.5975524160893 -160.92945460654,15.5075677134887 -160.974370165289,15.5075677134887 -160.974370165289,15.4625753621884 -160.210805666547,15.4625753621884 -160.165890107797,15.4625753621884 -160.165890107797,15.4175830108882 -159.941312314049,15.4175830108882 -159.8963967553,15.4175830108882 -159.8963967553,15.3725906595879 -159.85148119655,15.3725906595879 -159.85148119655,15.4175830108882 -159.716734520302,15.4175830108882 -159.716734520302,15.4625753621884 -159.492156726554,15.4625753621884 -159.492156726554,15.5075677134887 -158.009943287819,15.5075677134887 -158.009943287819,15.4625753621884 -157.515872141574,15.4625753621884 -157.470956582824,15.4625753621884 -157.470956582824,15.4175830108882 -157.066716554078,15.4175830108882 -157.021800995329,15.4175830108882 -157.021800995329,15.3725906595879 -156.707392084082,15.3725906595879 -156.662476525332,15.3725906595879 -156.662476525332,15.3275983082876 -156.303152055336,15.3275983082876 -156.258236496586,15.3275983082876 -156.258236496586,15.2826059569873 -156.123489820338,15.2826059569873 -156.078574261588,15.2826059569873 -156.078574261588,15.2376136056871 -155.943827585339,15.2376136056871 -155.89891202659,15.2376136056871 -155.89891202659,15.1926212543868 -155.85399646784,15.1926212543868 -155.809080909091,15.1926212543868 -155.809080909091,15.1476289030865 -155.764165350341,15.1476289030865 -155.719249791592,15.1476289030865 -155.719249791592,15.1026365517862 -155.629418674093,15.1026365517862 -155.584503115343,15.1026365517862 -155.584503115343,15.0576442004859 -155.539587556593,15.0576442004859 -155.494671997844,15.0576442004859 -155.494671997844,15.0126518491857 -155.449756439094,15.0126518491857 -155.449756439094,14.9676594978854 -155.404840880345,14.9676594978854 -155.404840880345,14.9226671465851 -155.359925321595,14.9226671465851 -155.315009762846,14.9226671465851 -155.315009762846,14.8776747952848 -155.270094204096,14.8776747952848 -155.270094204096,14.8326824439845 -155.225178645347,14.8326824439845 -155.225178645347,14.7876900926843 -155.180263086597,14.7876900926843 -155.180263086597,14.742697741384 -155.090431969098,14.742697741384 -155.045516410348,14.742697741384 -155.045516410348,14.6977053900837 -154.776023057851,14.6977053900837 -154.731107499101,14.6977053900837 -154.731107499101,14.6527130387834 -153.473471854114,14.6527130387834 -153.473471854114,14.6977053900837 -153.024316266619,14.6977053900837 -153.024316266619,14.742697741384 -152.575160679123,14.742697741384 -152.575160679123,14.7876900926843 -152.126005091628,14.7876900926843 -152.126005091628,14.8326824439845 -151.272609475386,14.8326824439845 -151.272609475386,14.7876900926843 -149.970058271649,14.7876900926843 -149.9251427129,14.7876900926843 -149.9251427129,14.742697741384 -149.700564919152,14.742697741384 -149.655649360402,14.742697741384 -149.655649360402,14.6977053900837 -149.520902684154,14.6977053900837 -149.475987125404,14.6977053900837 -149.475987125404,14.6527130387834 -149.431071566654,14.6527130387834 -149.386156007905,14.6527130387834 -149.386156007905,14.6077206874831 -149.341240449155,14.6077206874831 -149.296324890406,14.6077206874831 -149.296324890406,14.5627283361829 -149.251409331656,14.5627283361829 -149.206493772907,14.5627283361829 -149.206493772907,14.5177359848826 -149.161578214157,14.5177359848826 -149.116662655408,14.5177359848826 -149.116662655408,14.4727436335823 -149.026831537908,14.4727436335823 -148.981915979159,14.4727436335823 -148.981915979159,14.427751282282 -148.89208486166,14.427751282282 -148.84716930291,14.427751282282 -148.84716930291,14.3827589309817 -148.802253744161,14.3827589309817 -148.757338185411,14.3827589309817 -148.757338185411,14.3377665796815 -148.712422626662,14.3377665796815 -148.667507067912,14.3377665796815 -148.667507067912,14.2927742283812 -148.622591509163,14.2927742283812 -148.577675950413,14.2927742283812 -148.577675950413,14.2477818770809 -148.532760391663,14.2477818770809 -148.487844832914,14.2477818770809 -148.487844832914,14.2027895257806 -148.442929274164,14.2027895257806 -148.398013715415,14.2027895257806 -148.398013715415,14.1577971744804 -148.353098156665,14.1577971744804 -148.308182597916,14.1577971744804 -148.308182597916,14.1128048231801 -148.263267039166,14.1128048231801 -148.218351480417,14.1128048231801 -148.218351480417,14.0678124718798 -147.948858127919,14.0678124718798 -147.90394256917,14.0678124718798 -147.90394256917,14.0228201205795 -147.499702540424,14.0228201205795 -147.454786981674,14.0228201205795 -147.454786981674,13.9778277692792 -147.005631394179,13.9778277692792 -146.960715835429,13.9778277692792 -146.960715835429,13.932835417979 -146.556475806683,13.932835417979 -146.511560247934,13.932835417979 -146.511560247934,13.8878430666787 -144.984431250449,13.8878430666787 -144.939515691699,13.8878430666787 -144.939515691699,13.8428507153784 -143.90645784046,13.8428507153784 -143.90645784046,13.8878430666787 -143.681880046712,13.8878430666787 -143.681880046712,13.932835417979 -143.502217811714,13.932835417979 -143.502217811714,13.9778277692792 -143.277640017966,13.9778277692792 -143.277640017966,14.0228201205795 -139.774226435501,14.0228201205795 -139.774226435501,13.9778277692792 -139.280155289256,13.9778277692792 -139.235239730506,13.9778277692792 -139.235239730506,13.932835417979 -137.88777296802,13.932835417979 -137.84285740927,13.932835417979 -137.84285740927,13.8878430666787 -137.663195174272,13.8878430666787 -137.618279615523,13.8878430666787 -137.618279615523,13.8428507153784 -137.393701821775,13.8428507153784 -137.348786263025,13.8428507153784 -137.348786263025,13.7978583640781 -137.124208469277,13.7978583640781 -137.079292910528,13.7978583640781 -137.079292910528,13.7528660127778 -136.85471511678,13.7528660127778 -136.809799558031,13.7528660127778 -136.809799558031,13.7078736614776 -136.630137323032,13.7078736614776 -136.585221764283,13.7078736614776 -136.585221764283,13.6628813101773 -136.360643970535,13.6628813101773 -136.315728411786,13.6628813101773 -136.315728411786,13.617888958877 -136.091150618038,13.617888958877 -136.046235059288,13.617888958877 -136.046235059288,13.5728966075767 -135.86657282429,13.5728966075767 -135.82165726554,13.5728966075767 -135.82165726554,13.5279042562764 -135.641995030542,13.5279042562764 -135.597079471793,13.5279042562764 -135.597079471793,13.4829119049762 -135.507248354294,13.4829119049762 -135.462332795544,13.4829119049762 -135.462332795544,13.4379195536759 -135.372501678045,13.4379195536759 -135.327586119295,13.4379195536759 -135.327586119295,13.3929272023756 -135.237755001796,13.3929272023756 -135.192839443047,13.3929272023756 -135.192839443047,13.3479348510753 -135.103008325548,13.3479348510753 -135.058092766798,13.3479348510753 -135.058092766798,13.3029424997751 -135.013177208049,13.3029424997751 -134.968261649299,13.3029424997751 -134.968261649299,13.2579501484748 -134.8784305318,13.2579501484748 -134.83351497305,13.2579501484748 -134.83351497305,13.2129577971745 -134.743683855551,13.2129577971745 -134.698768296802,13.2129577971745 -134.698768296802,13.1679654458742 -134.608937179303,13.1679654458742 -134.564021620553,13.1679654458742 -134.564021620553,13.1229730945739 -134.429274944304,13.1229730945739 -134.384359385555,13.1229730945739 -134.384359385555,13.0779807432737 -134.294528268056,13.0779807432737 -134.249612709306,13.0779807432737 -134.249612709306,13.0329883919734 -133.441132651814,13.0329883919734 -133.396217093065,13.0329883919734 -133.396217093065,12.9879960406731 -133.261470416816,12.9879960406731 -133.216554858067,12.9879960406731 -133.216554858067,12.9430036893728 -133.081808181818,12.9430036893728 -133.036892623068,12.9430036893728 -133.036892623068,12.8980113380725 -132.947061505569,12.8980113380725 -132.90214594682,12.8980113380725 -132.90214594682,12.8530189867723 -132.812314829321,12.8530189867723 -132.767399270571,12.8530189867723 -132.767399270571,12.808026635472 -132.722483711821,12.808026635472 -132.722483711821,12.7630342841717 -132.677568153072,12.7630342841717 -132.677568153072,12.6730495815711 -132.632652594322,12.6730495815711 -132.632652594322,12.5830648789706 -132.587737035573,12.5830648789706 -132.587737035573,12.4480878250698 -132.632652594322,12.4480878250698 -132.632652594322,12.4030954737695 -132.408074800575,12.4030954737695 -132.408074800575,12.4480878250698 -132.363159241825,12.4480878250698 -132.363159241825,12.4030954737695 -132.228412565576,12.4030954737695 -132.183497006827,12.4030954737695 -132.183497006827,12.3581031224692 -132.138581448077,12.3581031224692 -132.093665889328,12.3581031224692 -132.093665889328,12.3131107711689 -132.048750330578,12.3131107711689 -132.048750330578,12.2681184198686 -132.003834771829,12.2681184198686 -132.003834771829,12.2231260685684 -131.958919213079,12.2231260685684 -131.958919213079,12.1331413659678 -131.91400365433,12.1331413659678 -131.91400365433,12.0881490146675 -131.86908809558,12.0881490146675 -131.86908809558,11.9081796094664 -131.82417253683,11.9081796094664 -131.82417253683,11.5932331503645 -131.86908809558,11.5932331503645 -131.86908809558,11.4582560964636 -131.91400365433,11.4582560964636 -131.91400365433,11.3682713938631 -131.958919213079,11.3682713938631 -131.958919213079,11.2782866912625 -132.003834771829,11.2782866912625 -132.003834771829,11.1433096373617 -132.048750330578,11.1433096373617 -132.048750330578,11.0533249347611 -132.093665889328,11.0533249347611 -132.093665889328,10.9633402321605 -132.138581448077,10.9633402321605 -132.138581448077,10.8283631782597 -132.183497006827,10.8283631782597 -132.183497006827,10.7833708269594 -132.228412565576,10.7833708269594 -132.228412565576,10.7383784756592 -132.273328124326,10.7383784756592 -132.273328124326,10.6933861243589 -132.363159241825,10.6933861243589 -132.363159241825,10.6483937730586 -132.452990359324,10.6483937730586 -132.452990359324,10.6034014217583 -132.542821476823,10.6034014217583 -132.542821476823,10.558409070458 -132.632652594322,10.558409070458 -132.632652594322,10.5134167191578 -132.722483711821,10.5134167191578 -132.722483711821,10.4684243678575 -132.812314829321,10.4684243678575 -132.812314829321,10.4234320165572 -132.90214594682,10.4234320165572 -132.90214594682,10.3784396652569 -132.991977064319,10.3784396652569 -132.991977064319,10.3334473139566 -133.081808181818,10.3334473139566 -133.081808181818,10.2884549626564 -133.216554858067,10.2884549626564 -133.216554858067,10.2434626113561 -133.710626004312,10.2434626113561</coordinates></LinearRing></outerBoundaryIs><innerBoundaryIs><LinearRing><coordinates>-161.87268134028,14.5177359848826 -161.87268134028,14.5627283361829 -161.91759689903,14.5627283361829 -162.142174692777,14.5627283361829 -162.142174692777,14.6077206874831 -162.187090251527,14.6077206874831 -162.276921369026,14.6077206874831 -162.276921369026,14.6977053900837 -162.321836927776,14.6977053900837 -162.321836927776,14.742697741384 -162.366752486525,14.742697741384 -162.366752486525,14.7876900926843 -162.411668045275,14.7876900926843 -162.411668045275,14.8776747952848 -162.366752486525,14.8776747952848 -162.366752486525,14.9676594978854 -162.321836927776,14.9676594978854 -162.321836927776,15.0576442004859 -162.276921369026,15.0576442004859 -162.276921369026,15.1476289030865 -162.232005810277,15.1476289030865 -162.232005810277,15.2826059569873 -162.187090251527,15.2826059569873 -162.187090251527,15.3725906595879 -162.142174692777,15.3725906595879 -162.142174692777,15.4625753621884 -162.097259134028,15.4625753621884 -162.097259134028,15.552560064789 -162.052343575278,15.552560064789 -162.052343575278,15.6425447673896 -162.007428016529,15.6425447673896 -162.007428016529,15.7325294699901 -161.962512457779,15.7325294699901 -161.962512457779,15.8225141725907 -161.91759689903,15.8225141725907 -161.91759689903,15.9124988751912 -161.87268134028,15.9124988751912 -161.87268134028,16.0024835777918 -161.827765781531,16.0024835777918 -161.827765781531,16.0474759290921 -161.782850222781,16.0474759290921 -161.782850222781,16.1374606316926 -161.737934664031,16.1374606316926 -161.737934664031,16.2274453342932 -161.693019105282,16.2274453342932 -161.693019105282,16.3174300368937 -161.648103546532,16.3174300368937 -161.648103546532,16.362422388194 -161.603187987783,16.362422388194 -161.603187987783,16.4074147394943 -161.558272429033,16.4074147394943 -161.558272429033,16.4524070907946 -161.513356870284,16.4524070907946 -161.513356870284,16.4973994420949 -161.468441311534,16.4973994420949 -161.468441311534,16.5423917933951 -161.423525752785,16.5423917933951 -161.423525752785,16.6323764959957 -161.378610194035,16.6323764959957 -161.378610194035,16.677368847296 -161.333694635285,16.677368847296 -161.333694635285,16.7223611985963 -161.288779076536,16.7223611985963 -161.288779076536,16.7673535498965 -161.243863517786,16.7673535498965 -161.243863517786,16.8123459011968 -161.198947959037,16.8123459011968 -161.198947959037,16.8573382524971 -161.154032400287,16.8573382524971 -161.154032400287,16.9023306037974 -161.109116841538,16.9023306037974 -161.109116841538,16.9473229550977 -161.064201282788,16.9473229550977 -161.064201282788,16.9923153063979 -161.019285724039,16.9923153063979 -161.019285724039,17.0373076576982 -160.974370165289,17.0373076576982 -160.974370165289,17.0823000089985 -160.92945460654,17.0823000089985 -160.92945460654,17.172284711599 -160.88453904779,17.172284711599 -160.88453904779,17.2172770628993 -160.83962348904,17.2172770628993 -160.83962348904,17.3072617654999 -160.794707930291,17.3072617654999 -160.794707930291,17.3522541168002 -160.749792371541,17.3522541168002 -160.749792371541,17.4422388194007 -160.704876812792,17.4422388194007 -160.704876812792,17.5772158733016 -160.659961254042,17.5772158733016 -160.659961254042,17.6672005759021 -160.615045695293,17.6672005759021 -160.615045695293,17.7571852785027 -160.570130136543,17.7571852785027 -160.570130136543,17.8471699811032 -160.525214577794,17.8471699811032 -160.525214577794,17.9371546837038 -160.480299019044,17.9371546837038 -160.480299019044,18.0271393863043 -160.435383460294,18.0271393863043 -160.435383460294,18.1171240889049 -160.390467901545,18.1171240889049 -160.390467901545,18.2071087915055 -160.345552342795,18.2071087915055 -160.345552342795,18.297093494106 -160.300636784046,18.297093494106 -160.300636784046,18.3870781967066 -160.255721225296,18.3870781967066 -160.255721225296,18.5220552506074 -160.210805666547,18.5220552506074 -160.210805666547,18.612039953208 -160.165890107797,18.612039953208 -160.165890107797,18.7020246558085 -160.120974549048,18.7020246558085 -160.120974549048,18.7920093584091 -160.076058990298,18.7920093584091 -160.076058990298,18.8819940610096 -160.031143431549,18.8819940610096 -160.031143431549,18.9719787636102 -159.986227872799,18.9719787636102 -159.986227872799,19.0619634662108 -159.941312314049,19.0619634662108 -159.941312314049,19.1519481688113 -159.8963967553,19.1519481688113 -159.8963967553,19.2419328714119 -159.85148119655,19.2419328714119 -159.85148119655,19.3319175740124 -159.806565637801,19.3319175740124 -159.806565637801,19.4668946279133 -159.761650079051,19.4668946279133 -159.761650079051,19.5568793305138 -159.716734520302,19.5568793305138 -159.716734520302,19.6468640331144 -159.671818961552,19.6468640331144 -159.671818961552,19.736848735715 -159.626903402803,19.736848735715 -159.626903402803,19.8268334383155 -159.581987844053,19.8268334383155 -159.581987844053,19.9168181409161 -159.537072285303,19.9168181409161 -159.537072285303,20.0068028435166 -159.492156726554,20.0068028435166 -159.492156726554,20.0967875461172 -159.447241167804,20.0967875461172 -159.447241167804,20.1867722487177 -159.402325609055,20.1867722487177 -159.402325609055,20.2767569513183 -159.357410050305,20.2767569513183 -159.357410050305,20.4117340052191 -159.312494491556,20.4117340052191 -159.312494491556,20.5017187078197 -159.267578932806,20.5017187078197 -159.267578932806,20.5917034104203 -159.222663374057,20.5917034104203 -159.222663374057,20.6816881130208 -159.177747815307,20.6816881130208 -159.177747815307,20.8166651669216 -159.132832256557,20.8166651669216 -159.132832256557,21.0866192747233 -159.087916697808,21.0866192747233 -159.087916697808,21.4915504364258 -159.043001139058,21.4915504364258 -159.043001139058,21.8514892468281 -158.998085580309,21.8514892468281 -158.998085580309,22.2564204085306 -158.953170021559,22.2564204085306 -158.953170021559,22.6163592189328 -158.90825446281,22.6163592189328 -158.90825446281,22.976298029335 -158.86333890406,22.976298029335 -158.86333890406,23.5162062449384 -158.90825446281,23.5162062449384 -158.90825446281,23.6961756501395 -158.953170021559,23.6961756501395 -158.953170021559,23.9211374066409 -158.998085580309,23.9211374066409 -158.998085580309,24.101106811842 -159.043001139058,24.101106811842 -159.043001139058,24.2810762170431 -159.087916697808,24.2810762170431 -159.087916697808,24.5060379735445 -159.132832256557,24.5060379735445 -159.132832256557,24.6410150274454 -159.177747815307,24.6410150274454 -159.177747815307,24.8659767839468 -159.222663374057,24.8659767839468 -159.222663374057,25.0459461891479 -159.267578932806,25.0459461891479 -159.267578932806,25.2709079456493 -159.312494491556,25.2709079456493 -159.312494491556,25.4958697021507 -159.357410050305,25.4958697021507 -159.357410050305,25.7208314586521 -159.402325609055,25.7208314586521 -159.402325609055,25.9457932151535 -159.447241167804,25.9457932151535 -159.447241167804,26.2157473229551 -159.492156726554,26.2157473229551 -159.492156726554,26.5306937820571 -159.537072285303,26.5306937820571 -159.537072285303,26.8006478898588 -159.581987844053,26.8006478898588 -159.581987844053,27.0706019976604 -159.626903402803,27.0706019976604 -159.626903402803,27.2955637541618 -159.671818961552,27.2955637541618 -159.671818961552,27.3855484567624 -159.716734520302,27.3855484567624 -159.716734520302,27.5205255106632 -159.761650079051,27.5205255106632 -159.761650079051,27.6105102132638 -159.806565637801,27.6105102132638 -159.806565637801,27.6555025645641 -159.85148119655,27.6555025645641 -159.85148119655,27.7004949158643 -159.8963967553,27.7004949158643 -159.8963967553,27.7454872671646 -159.941312314049,27.7454872671646 -159.941312314049,27.7904796184649 -159.986227872799,27.7904796184649 -159.986227872799,27.8354719697652 -160.031143431549,27.8354719697652 -160.031143431549,27.8804643210655 -160.076058990298,27.8804643210655 -160.076058990298,27.9254566723657 -160.120974549048,27.9254566723657 -160.120974549048,27.970449023666 -160.165890107797,27.970449023666 -160.165890107797,28.0154413749663 -160.210805666547,28.0154413749663 -160.210805666547,28.0604337262666 -160.255721225296,28.0604337262666 -160.255721225296,28.1054260775668 -160.300636784046,28.1054260775668 -160.300636784046,28.1504184288671 -160.345552342795,28.1504184288671 -160.345552342795,28.1954107801674 -160.390467901545,28.1954107801674 -160.390467901545,28.2404031314677 -160.435383460294,28.2404031314677 -160.435383460294,28.285395482768 -160.480299019044,28.285395482768 -160.480299019044,28.3303878340682 -160.525214577794,28.3303878340682 -160.525214577794,28.3753801853685 -160.570130136543,28.3753801853685 -160.570130136543,28.4203725366688 -160.615045695293,28.4203725366688 -160.659961254042,28.4203725366688 -160.659961254042,28.4653648879691 -160.704876812792,28.4653648879691 -160.704876812792,28.5103572392694 -160.749792371541,28.5103572392694 -160.749792371541,28.5553495905696 -160.794707930291,28.5553495905696 -160.794707930291,28.6003419418699 -160.83962348904,28.6003419418699 -160.88453904779,28.6003419418699 -160.88453904779,28.6453342931702 -160.92945460654,28.6453342931702 -160.92945460654,28.6903266444705 -160.974370165289,28.6903266444705 -161.019285724039,28.6903266444705 -161.019285724039,28.7353189957708 -161.064201282788,28.7353189957708 -161.109116841538,28.7353189957708 -161.109116841538,28.780311347071 -161.154032400287,28.780311347071 -161.154032400287,28.8253036983713 -161.198947959037,28.8253036983713 -161.243863517786,28.8253036983713 -161.243863517786,28.8702960496716 -161.288779076536,28.8702960496716 -161.288779076536,28.9152884009719 -161.333694635285,28.9152884009719 -161.378610194035,28.9152884009719 -161.378610194035,28.9602807522721 -161.423525752785,28.9602807522721 -161.423525752785,29.0052731035724 -161.468441311534,29.0052731035724 -161.513356870284,29.0052731035724 -161.513356870284,29.0502654548727 -161.558272429033,29.0502654548727 -161.603187987783,29.0502654548727 -161.603187987783,29.095257806173 -161.648103546532,29.095257806173 -161.648103546532,29.1402501574733 -161.693019105282,29.1402501574733 -161.737934664031,29.1402501574733 -161.737934664031,29.1852425087735 -161.782850222781,29.1852425087735 -161.827765781531,29.1852425087735 -161.827765781531,29.2302348600738 -161.87268134028,29.2302348600738 -161.87268134028,29.2752272113741 -161.91759689903,29.2752272113741 -161.91759689903,29.3202195626744 -161.962512457779,29.3202195626744 -162.007428016529,29.3202195626744 -162.007428016529,29.3652119139747 -162.052343575278,29.3652119139747 -162.097259134028,29.3652119139747 -162.097259134028,29.4102042652749 -162.142174692777,29.4102042652749 -162.142174692777,29.4551966165752 -162.187090251527,29.4551966165752 -162.232005810277,29.4551966165752 -162.232005810277,29.5001889678755 -162.276921369026,29.5001889678755 -162.321836927776,29.5001889678755 -162.321836927776,29.5451813191758 -162.366752486525,29.5451813191758 -162.366752486525,29.5901736704761 -162.411668045275,29.5901736704761 -162.501499162774,29.5901736704761 -162.501499162774,29.6351660217763 -162.546414721523,29.6351660217763 -162.591330280273,29.6351660217763 -162.591330280273,29.6801583730766 -162.636245839022,29.6801583730766 -162.815908074021,29.6801583730766 -162.815908074021,29.7251507243769 -163.175232544017,29.7251507243769 -163.175232544017,29.6801583730766 -164.657445982752,29.6801583730766 -164.657445982752,29.7251507243769 -164.702361541502,29.7251507243769 -164.8820237765,29.7251507243769 -164.8820237765,29.7701430756772 -164.92693933525,29.7701430756772 -165.061686011498,29.7701430756772 -165.061686011498,29.8151354269774 -165.106601570248,29.8151354269774 -165.241348246496,29.8151354269774 -165.241348246496,29.8601277782777 -165.286263805246,29.8601277782777 -165.421010481495,29.8601277782777 -165.421010481495,29.905120129578 -165.465926040244,29.905120129578 -165.600672716493,29.905120129578 -165.600672716493,29.9501124808783 -165.645588275242,29.9501124808783 -165.780334951491,29.9501124808783 -165.780334951491,29.9951048321786 -165.825250510241,29.9951048321786 -165.959997186489,29.9951048321786 -165.959997186489,30.0400971834788 -166.004912745239,30.0400971834788 -166.139659421487,30.0400971834788 -166.139659421487,30.0850895347791 -167.801535095221,30.0850895347791 -167.801535095221,30.0400971834788 -167.89136621272,30.0400971834788 -167.89136621272,29.9951048321786 -167.93628177147,29.9951048321786 -167.93628177147,29.905120129578 -167.981197330219,29.905120129578 -167.981197330219,29.7701430756772 -168.026112888969,29.7701430756772 -168.026112888969,29.6351660217763 -168.071028447718,29.6351660217763 -168.071028447718,29.5451813191758 -168.115944006468,29.5451813191758 -168.115944006468,29.4102042652749 -168.160859565217,29.4102042652749 -168.160859565217,29.2752272113741 -168.205775123967,29.2752272113741 -168.205775123967,29.095257806173 -168.250690682716,29.095257806173 -168.250690682716,29.0502654548727 -168.205775123967,29.0502654548727 -168.205775123967,29.0052731035724 -165.241348246496,29.0052731035724 -165.241348246496,29.0502654548727 -164.657445982752,29.0502654548727 -164.657445982752,29.0052731035724 -164.612530424003,29.0052731035724 -164.567614865253,29.0052731035724 -164.567614865253,28.9602807522721 -164.522699306504,28.9602807522721 -164.477783747754,28.9602807522721 -164.477783747754,28.9152884009719 -164.432868189005,28.9152884009719 -164.387952630255,28.9152884009719 -164.387952630255,28.8702960496716 -164.298121512756,28.8702960496716 -164.253205954006,28.8702960496716 -164.253205954006,28.8253036983713 -164.208290395257,28.8253036983713 -164.208290395257,28.780311347071 -164.163374836507,28.780311347071 -164.118459277758,28.780311347071 -164.118459277758,28.7353189957708 -164.073543719008,28.7353189957708 -164.028628160259,28.7353189957708 -164.028628160259,28.6903266444705 -163.983712601509,28.6903266444705 -163.938797042759,28.6903266444705 -163.938797042759,28.6453342931702 -163.89388148401,28.6453342931702 -163.84896592526,28.6453342931702 -163.84896592526,28.6003419418699 -163.804050366511,28.6003419418699 -163.804050366511,28.5553495905696 -163.759134807761,28.5553495905696 -163.714219249012,28.5553495905696 -163.714219249012,28.5103572392694 -163.669303690262,28.5103572392694 -163.624388131513,28.5103572392694 -163.624388131513,28.4653648879691 -163.579472572763,28.4653648879691 -163.579472572763,28.4203725366688 -163.534557014014,28.4203725366688 -163.534557014014,28.3753801853685 -163.489641455264,28.3753801853685 -163.489641455264,28.3303878340682 -163.444725896514,28.3303878340682 -163.444725896514,28.285395482768 -163.399810337765,28.285395482768 -163.399810337765,28.2404031314677 -163.354894779015,28.2404031314677 -163.354894779015,28.1954107801674 -163.309979220266,28.1954107801674 -163.265063661516,28.1954107801674 -163.265063661516,28.1504184288671 -163.220148102767,28.1504184288671 -163.220148102767,28.1054260775668 -163.175232544017,28.1054260775668 -163.175232544017,28.0604337262666 -163.130316985268,28.0604337262666 -163.130316985268,28.0154413749663 -163.085401426518,28.0154413749663 -163.085401426518,27.970449023666 -163.040485867768,27.970449023666 -163.040485867768,27.9254566723657 -162.995570309019,27.9254566723657 -162.995570309019,27.8804643210655 -162.950654750269,27.8804643210655 -162.950654750269,27.8354719697652 -162.90573919152,27.8354719697652 -162.86082363277,27.8354719697652 -162.86082363277,27.7904796184649 -162.815908074021,27.7904796184649 -162.815908074021,27.7454872671646 -162.770992515271,27.7454872671646 -162.770992515271,27.7004949158643 -162.726076956522,27.7004949158643 -162.726076956522,27.6555025645641 -162.681161397772,27.6555025645641 -162.681161397772,27.6105102132638 -162.636245839022,27.6105102132638 -162.636245839022,27.5655178619635 -162.591330280273,27.5655178619635 -162.591330280273,27.5205255106632 -162.546414721523,27.5205255106632 -162.546414721523,27.4755331593629 -162.501499162774,27.4755331593629 -162.501499162774,27.4305408080627 -162.456583604024,27.4305408080627 -162.456583604024,27.3855484567624 -162.411668045275,27.3855484567624 -162.411668045275,27.2955637541618 -162.366752486525,27.2955637541618 -162.366752486525,27.2055790515613 -162.321836927776,27.2055790515613 -162.321836927776,27.160586700261 -162.276921369026,27.160586700261 -162.276921369026,27.0706019976604 -162.232005810277,27.0706019976604 -162.232005810277,26.9806172950599 -162.187090251527,26.9806172950599 -162.187090251527,26.8906325924593 -162.142174692777,26.8906325924593 -162.142174692777,26.845640241159 -162.097259134028,26.845640241159 -162.097259134028,26.7556555385585 -162.052343575278,26.7556555385585 -162.052343575278,26.5306937820571 -162.007428016529,26.5306937820571 -162.007428016529,26.2607396742554 -161.962512457779,26.2607396742554 -161.962512457779,25.9457932151535 -162.007428016529,25.9457932151535 -162.007428016529,25.9008008638532 -162.052343575278,25.9008008638532 -162.052343575278,25.8108161612526 -162.097259134028,25.8108161612526 -162.097259134028,25.7208314586521 -162.142174692777,25.7208314586521 -162.142174692777,25.6758391073518 -162.187090251527,25.6758391073518 -162.187090251527,25.5858544047512 -162.232005810277,25.5858544047512 -162.232005810277,25.4958697021507 -162.276921369026,25.4958697021507 -162.276921369026,25.3159002969495 -162.321836927776,25.3159002969495 -162.321836927776,25.0909385404482 -162.366752486525,25.0909385404482 -162.366752486525,24.910969135247 -162.411668045275,24.910969135247 -162.411668045275,24.6860073787456 -162.456583604024,24.6860073787456 -162.456583604024,24.5060379735445 -162.501499162774,24.5060379735445 -162.501499162774,24.2810762170431 -162.546414721523,24.2810762170431 -162.546414721523,24.101106811842 -162.591330280273,24.101106811842 -162.591330280273,23.9211374066409 -162.636245839022,23.9211374066409 -162.636245839022,23.2012597858364 -162.591330280273,23.2012597858364 -162.591330280273,23.0212903806353 -162.546414721523,23.0212903806353 -162.546414721523,22.8413209754342 -162.501499162774,22.8413209754342 -162.501499162774,22.6613515702331 -162.456583604024,22.6613515702331 -162.456583604024,22.481382165032 -162.411668045275,22.481382165032 -162.411668045275,22.3464051111311 -162.366752486525,22.3464051111311 -162.366752486525,22.1214433546297 -162.321836927776,22.1214433546297 -162.321836927776,21.9414739494286 -162.276921369026,21.9414739494286 -162.276921369026,21.7165121929272 -162.232005810277,21.7165121929272 -162.232005810277,21.5365427877261 -162.187090251527,21.5365427877261 -162.187090251527,21.356573382525 -162.142174692777,21.356573382525 -162.142174692777,21.2665886799244 -162.187090251527,21.2665886799244 -162.187090251527,21.0866192747233 -162.232005810277,21.0866192747233 -162.232005810277,20.9516422208225 -162.276921369026,20.9516422208225 -162.276921369026,20.8166651669216 -162.321836927776,20.8166651669216 -162.321836927776,20.6816881130208 -162.366752486525,20.6816881130208 -162.366752486525,20.54671105912 -162.411668045275,20.54671105912 -162.411668045275,20.3667416539189 -162.456583604024,20.3667416539189 -162.456583604024,20.231764600018 -162.501499162774,20.231764600018 -162.501499162774,20.0967875461172 -162.546414721523,20.0967875461172 -162.546414721523,19.9618104922163 -162.591330280273,19.9618104922163 -162.591330280273,19.8718257896158 -162.636245839022,19.8718257896158 -162.636245839022,19.7818410870152 -162.681161397772,19.7818410870152 -162.681161397772,19.6918563844147 -162.726076956522,19.6918563844147 -162.726076956522,19.6018716818141 -162.770992515271,19.6018716818141 -162.770992515271,19.4668946279133 -162.815908074021,19.4668946279133 -162.815908074021,19.3769099253127 -162.86082363277,19.3769099253127 -162.86082363277,19.2869252227122 -162.90573919152,19.2869252227122 -162.90573919152,19.1969405201116 -162.950654750269,19.1969405201116 -162.950654750269,19.106955817511 -162.995570309019,19.106955817511 -162.995570309019,19.0169711149105 -163.040485867768,19.0169711149105 -163.040485867768,18.8819940610096 -163.085401426518,18.8819940610096 -163.085401426518,18.7920093584091 -163.130316985268,18.7920093584091 -163.130316985268,18.7020246558085 -163.175232544017,18.7020246558085 -163.175232544017,18.612039953208 -163.220148102767,18.612039953208 -163.220148102767,18.5670476019077 -163.265063661516,18.5670476019077 -163.265063661516,18.5220552506074 -163.309979220266,18.5220552506074 -163.309979220266,18.4320705480069 -163.354894779015,18.4320705480069 -163.354894779015,18.3870781967066 -163.399810337765,18.3870781967066 -163.399810337765,18.297093494106 -163.444725896514,18.297093494106 -163.444725896514,18.2521011428057 -163.489641455264,18.2521011428057 -163.489641455264,18.1621164402052 -163.534557014014,18.1621164402052 -163.534557014014,18.1171240889049 -163.579472572763,18.1171240889049 -163.579472572763,18.0271393863043 -163.624388131513,18.0271393863043 -163.624388131513,17.9821470350041 -163.669303690262,17.9821470350041 -163.669303690262,17.9371546837038 -163.714219249012,17.9371546837038 -163.714219249012,17.8471699811032 -163.759134807761,17.8471699811032 -163.759134807761,17.802177629803 -163.804050366511,17.802177629803 -163.804050366511,17.7121929272024 -163.84896592526,17.7121929272024 -163.84896592526,17.6672005759021 -163.89388148401,17.6672005759021 -163.89388148401,17.5772158733016 -163.938797042759,17.5772158733016 -163.938797042759,17.487231170701 -163.983712601509,17.487231170701 -163.983712601509,17.3972464681004 -164.028628160259,17.3972464681004 -164.028628160259,17.3072617654999 -164.073543719008,17.3072617654999 -164.073543719008,17.2622694141996 -164.118459277758,17.2622694141996 -164.118459277758,17.172284711599 -164.163374836507,17.172284711599 -164.163374836507,17.0823000089985 -164.208290395257,17.0823000089985 -164.208290395257,16.9923153063979 -164.253205954006,16.9923153063979 -164.253205954006,16.9023306037974 -164.298121512756,16.9023306037974 -164.298121512756,16.8123459011968 -164.343037071505,16.8123459011968 -164.343037071505,16.7673535498965 -164.387952630255,16.7673535498965 -164.387952630255,16.677368847296 -164.432868189005,16.677368847296 -164.432868189005,16.5423917933951 -164.477783747754,16.5423917933951 -164.477783747754,16.4524070907946 -164.522699306504,16.4524070907946 -164.522699306504,16.362422388194 -164.567614865253,16.362422388194 -164.567614865253,16.2274453342932 -164.612530424003,16.2274453342932 -164.612530424003,16.1374606316926 -164.657445982752,16.1374606316926 -164.657445982752,16.0474759290921 -164.702361541502,16.0474759290921 -164.702361541502,15.9124988751912 -164.747277100251,15.9124988751912 -164.747277100251,15.7775218212904 -164.792192659001,15.7775218212904 -164.792192659001,15.5075677134887 -164.83710821775,15.5075677134887 -164.83710821775,15.2376136056871 -164.8820237765,15.2376136056871 -164.8820237765,14.2477818770809 -164.83710821775,14.2477818770809 -164.83710821775,14.1577971744804 -164.792192659001,14.1577971744804 -164.792192659001,14.0228201205795 -164.747277100251,14.0228201205795 -164.747277100251,13.9778277692792 -164.702361541502,13.9778277692792 -164.702361541502,13.8878430666787 -164.657445982752,13.8878430666787 -164.657445982752,13.8428507153784 -164.612530424003,13.8428507153784 -164.612530424003,13.7528660127778 -164.567614865253,13.7528660127778 -164.567614865253,13.7078736614776 -164.522699306504,13.7078736614776 -164.522699306504,13.6628813101773 -164.477783747754,13.6628813101773 -164.477783747754,13.5728966075767 -164.432868189005,13.5728966075767 -164.432868189005,13.5279042562764 -164.387952630255,13.5279042562764 -164.387952630255,13.4829119049762 -164.343037071505,13.4829119049762 -164.343037071505,13.3929272023756 -164.298121512756,13.3929272023756 -164.298121512756,13.3479348510753 -164.253205954006,13.3479348510753 -164.253205954006,13.3029424997751 -164.208290395257,13.3029424997751 -164.208290395257,13.2129577971745 -164.163374836507,13.2129577971745 -164.163374836507,13.1679654458742 -164.118459277758,13.1679654458742 -164.118459277758,13.1229730945739 -164.073543719008,13.1229730945739 -164.073543719008,13.0779807432737 -164.028628160259,13.0779807432737 -164.028628160259,12.9879960406731 -163.983712601509,12.9879960406731 -163.938797042759,12.9879960406731 -163.938797042759,12.8980113380725 -163.89388148401,12.8980113380725 -163.84896592526,12.8980113380725 -163.84896592526,12.8530189867723 -163.804050366511,12.8530189867723 -163.804050366511,12.808026635472 -163.759134807761,12.808026635472 -163.759134807761,12.7630342841717 -163.714219249012,12.7630342841717 -163.714219249012,12.7180419328714 -163.669303690262,12.7180419328714 -163.669303690262,12.6730495815711 -163.624388131513,12.6730495815711 -163.579472572763,12.6730495815711 -163.579472572763,12.6280572302709 -163.534557014014,12.6280572302709 -163.534557014014,12.5830648789706 -163.489641455264,12.5830648789706 -163.444725896514,12.5830648789706 -163.444725896514,12.5380725276703 -163.399810337765,12.5380725276703 -163.354894779015,12.5380725276703 -163.354894779015,12.49308017637 -163.309979220266,12.49308017637 -163.309979220266,12.4480878250698 -163.220148102767,12.4480878250698 -163.175232544017,12.4480878250698 -163.175232544017,12.4030954737695 -163.130316985268,12.4030954737695 -163.085401426518,12.4030954737695 -163.085401426518,12.3581031224692 -162.90573919152,12.3581031224692 -162.86082363277,12.3581031224692 -162.86082363277,12.3131107711689 -162.591330280273,12.3131107711689 -162.546414721523,12.3131107711689 -162.546414721523,12.2681184198686 -162.321836927776,12.2681184198686 -162.276921369026,12.2681184198686 -162.276921369026,12.2231260685684 -162.052343575278,12.2231260685684 -162.007428016529,12.2231260685684 -162.007428016529,12.1781337172681 -161.782850222781,12.1781337172681 -161.737934664031,12.1781337172681 -161.737934664031,12.1331413659678 -160.076058990298,12.1331413659678 -160.076058990298,12.1781337172681 -159.8963967553,12.1781337172681 -159.8963967553,12.2231260685684 -159.806565637801,12.2231260685684 -159.806565637801,12.2681184198686 -159.716734520302,12.2681184198686 -159.716734520302,12.3131107711689 -159.626903402803,12.3131107711689 -159.626903402803,12.3581031224692 -159.581987844053,12.3581031224692 -159.581987844053,12.4030954737695 -159.492156726554,12.4030954737695 -159.492156726554,12.4480878250698 -159.447241167804,12.4480878250698 -159.447241167804,12.49308017637 -159.402325609055,12.49308017637 -159.402325609055,12.5380725276703 -159.357410050305,12.5380725276703 -159.357410050305,12.5830648789706 -159.312494491556,12.5830648789706 -159.312494491556,12.6280572302709 -159.267578932806,12.6280572302709 -159.267578932806,12.6730495815711 -159.177747815307,12.6730495815711 -159.177747815307,12.7180419328714 -159.043001139058,12.7180419328714 -159.043001139058,12.7630342841717 -158.099774405318,12.7630342841717 -158.099774405318,12.808026635472 -157.87519661157,12.808026635472 -157.87519661157,12.8530189867723 -157.605703259073,12.8530189867723 -157.605703259073,12.8980113380725 -157.336209906575,12.8980113380725 -157.336209906575,12.8530189867723 -156.976885436579,12.8530189867723 -156.931969877829,12.8530189867723 -156.931969877829,12.808026635472 -155.943827585339,12.808026635472 -155.89891202659,12.808026635472 -155.89891202659,12.7630342841717 -153.563302971613,12.7630342841717 -153.563302971613,12.808026635472 -153.114147384118,12.808026635472 -153.114147384118,12.8530189867723 -152.664991796622,12.8530189867723 -152.664991796622,12.8980113380725 -152.215836209127,12.8980113380725 -152.215836209127,12.9430036893728 -151.766680621631,12.9430036893728 -151.766680621631,12.9879960406731 -151.092947240388,12.9879960406731 -151.092947240388,13.0329883919734 -149.565818242903,13.0329883919734 -149.565818242903,13.0779807432737 -148.398013715415,13.0779807432737 -148.398013715415,13.0329883919734 -148.308182597916,13.0329883919734 -148.263267039166,13.0329883919734 -148.263267039166,12.9879960406731 -147.993773686669,12.9879960406731 -147.948858127919,12.9879960406731 -147.948858127919,12.9430036893728 -147.499702540424,12.9430036893728 -147.454786981674,12.9430036893728 -147.454786981674,12.8980113380725 -147.005631394179,12.8980113380725 -146.960715835429,12.8980113380725 -146.960715835429,12.8530189867723 -146.556475806683,12.8530189867723 -146.511560247934,12.8530189867723 -146.511560247934,12.808026635472 -146.152235777937,12.808026635472 -146.107320219188,12.808026635472 -146.107320219188,12.7630342841717 -146.062404660438,12.7630342841717 -146.062404660438,12.808026635472 -145.972573542939,12.808026635472 -145.972573542939,12.7630342841717 -145.927657984189,12.7630342841717 -145.927657984189,12.808026635472 -145.83782686669,12.808026635472 -145.83782686669,12.7630342841717 -145.792911307941,12.7630342841717 -145.792911307941,12.808026635472 -145.703080190442,12.808026635472 -145.703080190442,12.7630342841717 -145.658164631692,12.7630342841717 -145.658164631692,12.808026635472 -145.568333514193,12.808026635472 -145.568333514193,12.7630342841717 -145.523417955444,12.7630342841717 -145.523417955444,12.808026635472 -145.433586837944,12.808026635472 -145.433586837944,12.7630342841717 -145.388671279195,12.7630342841717 -145.388671279195,12.808026635472 -145.298840161696,12.808026635472 -145.298840161696,12.7630342841717 -145.253924602946,12.7630342841717 -145.253924602946,12.808026635472 -145.164093485447,12.808026635472 -145.164093485447,12.7630342841717 -145.119177926698,12.7630342841717 -145.119177926698,12.808026635472 -144.804769015451,12.808026635472 -144.804769015451,12.8530189867723 -144.580191221703,12.8530189867723 -144.580191221703,12.8980113380725 -144.310697869206,12.8980113380725 -144.310697869206,12.9430036893728 -143.951373399209,12.9430036893728 -143.951373399209,12.9879960406731 -143.681880046712,12.9879960406731 -143.681880046712,13.0329883919734 -143.636964487962,13.0329883919734 -143.636964487962,13.1679654458742 -143.681880046712,13.1679654458742 -143.681880046712,13.2129577971745 -143.726795605461,13.2129577971745 -143.726795605461,13.2579501484748 -144.265782310456,13.2579501484748 -144.265782310456,13.2129577971745 -145.164093485447,13.2129577971745 -145.164093485447,13.2579501484748 -145.253924602946,13.2579501484748 -145.253924602946,13.2129577971745 -145.298840161696,13.2129577971745 -145.298840161696,13.2579501484748 -145.388671279195,13.2579501484748 -145.388671279195,13.2129577971745 -145.433586837944,13.2129577971745 -145.433586837944,13.2579501484748 -145.478502396694,13.2579501484748 -146.421729130435,13.2579501484748 -146.421729130435,13.3029424997751 -146.466644689184,13.3029424997751 -146.87088471793,13.3029424997751 -146.87088471793,13.3479348510753 -146.91580027668,13.3479348510753 -147.364955864175,13.3479348510753 -147.364955864175,13.3929272023756 -147.409871422925,13.3929272023756 -147.814111451671,13.3929272023756 -147.814111451671,13.4379195536759 -147.85902701042,13.4379195536759 -148.083604804168,13.4379195536759 -148.083604804168,13.4829119049762 -148.128520362917,13.4829119049762 -148.218351480417,13.4829119049762 -148.218351480417,13.5279042562764 -148.263267039166,13.5279042562764 -148.353098156665,13.5279042562764 -148.353098156665,13.5728966075767 -148.398013715415,13.5728966075767 -148.442929274164,13.5728966075767 -148.442929274164,13.617888958877 -148.487844832914,13.617888958877 -148.577675950413,13.617888958877 -148.577675950413,13.6628813101773 -148.622591509163,13.6628813101773 -148.712422626662,13.6628813101773 -148.712422626662,13.7078736614776 -148.757338185411,13.7078736614776 -148.84716930291,13.7078736614776 -148.84716930291,13.7528660127778 -148.89208486166,13.7528660127778 -149.026831537908,13.7528660127778 -149.026831537908,13.7978583640781 -149.071747096658,13.7978583640781 -149.161578214157,13.7978583640781 -149.161578214157,13.8428507153784 -149.206493772907,13.8428507153784 -149.296324890406,13.8428507153784 -149.296324890406,13.8878430666787 -149.341240449155,13.8878430666787 -149.475987125404,13.8878430666787 -149.475987125404,13.932835417979 -149.520902684154,13.932835417979 -149.610733801653,13.932835417979 -149.610733801653,13.9778277692792 -149.655649360402,13.9778277692792 -149.745480477901,13.9778277692792 -149.745480477901,14.0228201205795 -149.790396036651,14.0228201205795 -150.823453887891,14.0228201205795 -150.823453887891,14.0678124718798 -150.86836944664,14.0678124718798 -151.003116122889,14.0678124718798 -151.003116122889,14.1128048231801 -151.048031681638,14.1128048231801 -151.182778357887,14.1128048231801 -151.182778357887,14.1577971744804 -151.227693916636,14.1577971744804 -151.317525034136,14.1577971744804 -151.317525034136,14.2027895257806 -151.362440592885,14.2027895257806 -151.542102827883,14.2027895257806 -151.542102827883,14.2477818770809 -151.676849504132,14.2477818770809 -151.676849504132,14.2027895257806 -152.036173974128,14.2027895257806 -152.036173974128,14.1577971744804 -152.350582885375,14.1577971744804 -152.350582885375,14.1128048231801 -152.664991796622,14.1128048231801 -152.664991796622,14.0678124718798 -153.114147384118,14.0678124718798 -153.114147384118,14.0228201205795 -153.563302971613,14.0228201205795 -153.563302971613,13.9778277692792 -154.731107499101,13.9778277692792 -154.731107499101,14.0228201205795 -154.776023057851,14.0228201205795 -155.000600851599,14.0228201205795 -155.000600851599,14.0678124718798 -155.045516410348,14.0678124718798 -155.315009762846,14.0678124718798 -155.315009762846,14.1128048231801 -155.359925321595,14.1128048231801 -155.629418674093,14.1128048231801 -155.629418674093,14.1577971744804 -155.674334232842,14.1577971744804 -155.988743144089,14.1577971744804 -155.988743144089,14.2027895257806 -156.033658702838,14.2027895257806 -156.392983172835,14.2027895257806 -156.392983172835,14.2477818770809 -156.437898731584,14.2477818770809 -156.797223201581,14.2477818770809 -156.797223201581,14.2927742283812 -156.84213876033,14.2927742283812 -157.201463230327,14.2927742283812 -157.201463230327,14.3377665796815 -157.246378789076,14.3377665796815 -157.515872141574,14.3377665796815 -157.515872141574,14.3827589309817 -157.560787700323,14.3827589309817 -157.740449935321,14.3827589309817 -157.740449935321,14.427751282282 -157.785365494071,14.427751282282 -157.965027729069,14.427751282282 -157.965027729069,14.4727436335823 -158.009943287819,14.4727436335823 -158.144689964067,14.4727436335823 -158.144689964067,14.5177359848826 -159.402325609055,14.5177359848826 -159.402325609055,14.4727436335823 -159.537072285303,14.4727436335823 -159.537072285303,14.427751282282 -159.671818961552,14.427751282282 -159.671818961552,14.3827589309817 -159.85148119655,14.3827589309817 -159.85148119655,14.427751282282 -159.8963967553,14.427751282282 -160.076058990298,14.427751282282 -160.076058990298,14.4727436335823 -160.120974549048,14.4727436335823 -161.603187987783,14.4727436335823 -161.603187987783,14.5177359848826 -161.648103546532,14.5177359848826 -161.87268134028,14.5177359848826</coordinates></LinearRing></innerBoundaryIs></Polygon></Placemark>
</Folder></Document></kml>
